Id,Name
6af885e8-2502-4693-9666-656edcea73c9,Danville
eba75344-a2dc-4139-a762-d4a935694522,Scottsbluff
f38e0c46-62e9-438d-820b-e3dbf56d2559,Highlands
2de6b064-ebdb-443c-b0cc-d15222d36b8e,Twentynine Palms
52c6ee79-1f31-4916-add4-b449e726758c,Dayton
8c5b4c5c-cc08-4b7f-b607-d0dfe264de64,Morris
1594f60e-8a66-4fd0-87ce-3964cd6ff21d,Lake City
cd9e4fb0-b7f2-4a06-a07d-8e40fa441305,Chicago 
db7e68cf-c6c3-4290-b899-378f5a538367,Chicago
957721f4-8843-4b1b-b004-14cc437ffd1b,Tallahassee 
ca26e480-07f0-492f-96c9-5ea0e3598251,Aberdeen
999616de-2e21-4835-b3b1-3662fb7f7fba,Abingdon 
56ccdecd-b132-449d-bab0-0fc2210e8749,Abita Springs 
1fb4286d-ffe1-4741-9e68-bcd6e904e173,West Union
add73c6c-7bc6-48ab-9e40-511d316c0249,Gettysburg
2fb21df2-f5db-481e-ad76-7e698bc0e749,Enola
6fdb512d-a3a5-4ee4-bfd5-0d1e78b52451,Kealakekua
c99c8324-2706-4b80-83dd-791c3c4b0040,Toms River
bb139a89-e602-4a7c-87e0-735f46a522fe,Memphis
b98a099d-6f60-4831-83da-00380709ab2b,Honolulu
5fe47793-2348-45cb-97c9-baba6a906e8f,Brooksville
0655166d-4087-4939-9590-8f29bbf0ab8b,Gainesville
e2bb24af-b1b0-418a-98f6-93cfc42bee14,San Antonio 
37fe86b5-e2d2-42d0-a160-2afa00cc22ea,Alamosa
770bdadc-58d1-4b91-b7a8-f8f8e976b38d,Albany
56d343e8-7faa-46f3-aba5-1450367ec4fd,Alexandria Bay
368e4b79-da5f-4b97-9283-dd0041e3e01d,Alexandria
23d3a292-9000-47a1-9ad5-84ffd619a957,Alexandria 
b765e38b-c1fe-4bc0-8132-a2163d83611e,Algoma 
07357b07-ade9-43bf-8952-b67c7307aca6,IOLA
c74475f6-f4f5-4020-887f-b9ee92b52fdb,Iola
2e4e62dc-3191-4155-bc90-43b237a36cd4,Aloha
4066a91b-4cca-4e6d-ab76-5cffb538935a,Alturas
d3579173-f83a-426c-9149-07e11e1da33a,Ambler
6ddb8ec6-3044-4149-8c29-d7c71fcdbf44,"Ames, IA"
f9bb645c-3426-46fd-9ed4-2442cf12b85c,Dawsonville
3ab8f410-c2f6-405a-9d6d-17cf3b770855,Madison
c6d38264-717e-4593-9f6f-135f013bad0f,Anaconda
1ff3c1f0-43b6-4780-8caa-646e97588c31,Anacortes
970f7907-51d3-42c5-95d8-341abe2fe917,Anderson
7151e9a8-2cd9-47a7-b197-e29729343c83,Lawrenceburg 
1ce7a5c8-67e6-4332-be3f-af0add41da4e,Andover
51e0a187-9dd4-4bcd-81fc-c75dd9da8d5e,Annandale 
530b7193-3961-4313-a1da-84dc09cd0072,Antigo
056f157f-3431-4efc-808e-6bbaaff31535,Antioch
91d34ecf-10e0-400d-972e-c273737cf711,Appleton
94c0b95d-9deb-41ba-897e-b15e38ba0a59,Newport
02912005-6ff8-459c-b268-8f4ceb856a48,Arlington
8fe83393-5fce-481b-a3ae-14dc2c46129c,Providence
99f06a01-bab9-4aa3-a254-62bc227f29d8,Arnold
596070ec-d71c-4d60-babb-d8bcb35dfff3,DeLand
f5c668b8-c305-4943-aa62-730bec3cb344,Augusta-Richmond County consolidated government (balance)
245ad35c-7f3f-4f3b-8d64-8b837d3fc797,Ashland
b2f9f48e-901e-4af8-b636-1e193559946c,Astoria
f1bcc7c7-4102-462f-9db0-c4915243e55e,Jonesboro
877de5c8-870f-417d-8af9-b78dcebded00,Atchison
bb1de6da-cc25-477b-86aa-091c3b4800f7,Athens
d24eaf3b-4cae-435f-84a8-e536c4c826ef,Athol
37245274-3102-4dd9-bfaa-b97bbb8d1752,Attleboro 
6ff8db60-b681-4738-8580-d243b33091e3,Los Angeles 
2f7ed5bd-0d70-4640-8d50-09e3efac60c5,Auburn
23c4849d-7d84-4bb5-acb8-7f4a1c4e9302,Aurora
dea22252-d46a-4fb7-a09f-44b05f4c7a20,AUSTIN
986d9a08-411a-42f4-b1fa-9efe1a35cfc4,Avon
fe4a9a7b-035f-4eb5-9e90-2d341dbc3b8e,AVON
cae45a11-1206-417c-a381-ed0cfd106502,Colorado Springs
61f008bf-7fc9-41c3-b3b6-4c61bab8ea27,Colorado Springs 
2d3c5fd3-8ee7-47ef-af6d-77d051cb037f,bainbridge
311d301a-a1a0-426b-bd62-b6de0b6b0654,Baldwin
e1ecddef-65d7-4187-9255-81cb55281f01,Seattle 
41e2acc4-58c4-409d-91c6-740dde4055ff,Bamberg 
ad2ed2f0-6e39-45b9-b70f-cfc422f2b4df,Bangor
314b4f61-d782-4d5d-afd6-94a93f9c6b07,Garden Valley
5a825c3e-524d-422a-8279-442de5e2e4f3,Barnegat
93d8c8b8-2c01-4ff4-ba37-1f4fc2eda1a7,Winder
8296134c-d834-44e5-8c1c-e9191f8939f2,Basalt
3f4c4450-3e9f-4e99-aa2f-de09d67d841d,Bassett
aa19c4a4-9887-40be-87fc-ea6aab3bfa3f,Bastrop
030d38f2-243c-4a38-92a8-31beed00047d,Batavia
e1c1dc1c-d9ac-41a9-8cac-efea24495a21,Batesville 
dd7fbb29-1c6f-438d-b540-511ee755cc5c,Battle Creek
8633d13d-3859-4a42-9d4c-bfe37a68298d,Friendswood
cc0d525c-08b0-4ee5-aa68-69a16af9917a,Beatrice
098ef17d-65b3-4bda-953b-ea2a45beb9ab,Beattyville
672caf1b-8ec8-404b-b1fb-b67dcf1a769a,"Beaumont, "
d27c725f-ea05-40be-a719-7bb783c0f146,Beaver City
5c22fef3-ec41-4652-83d2-abcaedcc1d98,Beaver Dam
95402cc1-0fc3-4f4e-ab6d-992781c94580,Des Moines
20904d88-0696-480f-b89b-a243b49b955e,Bedford
cca27ff6-f556-43ab-b0a5-98d9ec9ecdb8,Bedminster
dc9997f2-8fd5-4e33-ac48-de1d8d896476,Bel Air
0a67418b-fb7d-405c-8e14-f755b7a3922d,Belleville 
61b79d3d-5d23-4f66-82f9-e76b9dd08d74,Belleville
a9feb708-d7f0-465b-8326-c3149392f11b,Bellingham
6476d771-f58d-4ab0-b819-535e9313c07a,Belmont
897c5feb-6c3a-445b-9ef0-0d66b6df81e9,Belton 
7a51270b-7cec-4b0b-85b1-bdf6b345c042,Bemidji
403bab4b-41cd-469f-b86b-b32c086ca140,Benicia
0e8f2052-59a2-4b94-876e-1305e786f4c6,Bennet
5afd7a53-fa57-4b65-9f5c-16e7aad0eb23,Bentonville 
ca88dbdb-e786-424c-bf66-91ffef356adf,Berkeley Springs
c7525c1a-14c7-4ee3-8350-6fbe58c49024,Berkey
f55cd8a3-7885-474d-ace3-a17be2b4d869,Berwick
89fd5be1-c2ee-47c3-9340-cee6689d8769,Bessemer
c3786574-b42e-46ac-8c3b-b6ba5bd0a7ba,Bethalto
c9fea581-32de-4d44-a7d6-0e78463d94c6,Bethany Beach
528ddfe1-5b7c-4ed4-a9ea-067becf5d9df,Bethesda 
6ded2d8d-6935-419f-8dcd-791a3316b2ad,Bethlehem
6b292fa7-707f-4df4-b105-024d724c39ac,Beverly Hills 
a9eda6b2-49c6-4c5b-b864-d301c00c701e,Bexley
d2c9b9dd-49d8-41ce-95f8-e361d84cf034,City of Big Bear Lake
724f752e-5e6e-4417-ae68-cce8f18da886,Big Lake
d150cda5-656d-48d8-9176-d60a57f9682d,Billerica
cbeb0b8d-c365-4b5a-91f9-de8ea5d72ed0,Birdsboro
d60ef37e-0f50-4fcd-bbc0-7f803ee96fad,Bismarck
79dbc760-6ae9-43a0-aa5b-3ac490c3719d,Blairstown
3f421098-9675-43b2-92ac-f7d4d3a82914,Pittsburgh
23ed1ed8-64fd-4462-b536-5a47477eabb2,"Bloomington, IN "
c11073e0-75f3-4ee8-9538-4248590d2fb4,Bloomington
21ad6835-c974-442e-941a-896442fbbeb9,Blue Ash
a39c8004-7846-48bb-aa6b-1eccdc9d5b93,Lexington 
89eda406-9ec1-47d6-a0b4-298e001d4fd1,Bluffton
2f622eb7-a60f-4cd2-98d3-323d095dee18,Baltimore
02b679bf-fcac-4de5-8b09-7921f4f8b6c1,Boise City
4c881af2-1314-4de5-8d7b-1cf125c38091,Burlington
111127a9-a61b-42cc-b30b-8365a82362d3,Boone
bbd214a8-2bbd-4eb6-8c5e-bdfa78b79eb4,Boonville
532bb555-d6ea-47e1-a167-3c9b1b1d12fb,Daleville
0b6f8ba0-bd41-4d5f-bb1b-15782f8a8037,Bottineau
e8b30d82-bc55-49e1-95eb-a542a70b7cf0,Boulder
5cd3936c-e2b7-4695-927b-70b851f6362f,Bowie
024e6171-d59b-419a-9323-bb63917453b6,Catlettsburg
739203f5-815a-4c1a-8101-2af5ee526250,Boyne City
0a589e8e-a5ba-4006-943b-be9809517620,Houston
75c31542-5f79-4042-8ecd-4944454f9f88,Braintree  
3b5d5f4f-f24d-4443-9f9a-90d1113c2981,Brattleboro
26cd2f43-e372-4c21-b79e-d20d060499a0,Brattleboro 
5a5efb89-453a-4bd8-98bc-b3771ca7acca,Jackson
442521d1-ac76-4512-9015-4a20edabbf3e,Bremerton
a709e9a4-c965-432c-af44-ddbef7b38e15,Bridgewater
9ba6b9c2-0f92-4c2d-a5ab-2f767f8712f9,Brigham City
b70210db-708d-4bc4-9b7d-f17f1d21e114,Brimfield
be8fb370-1190-46e0-9491-57d248a470ac,Broadway
963ddae9-7390-4eff-a964-f6834a923c21,Brockton
b94b9fb0-f02d-455f-a686-3b557a28d9a7,Columbus 
5caaad21-09da-436e-8ab8-aa71b0b0eb59,Brookings 
b8a1a3f1-f6c9-43df-ac7b-64184fa819dd,Brookline
f57040cf-7ebb-4ebb-8536-19e0f751f6e0,Kansas City
1f981c8b-fdb1-4456-855d-3fa2bb43dd1a,BROOKVILLE
bfdff1bf-c18e-4ee8-bcde-464e18580dd2,Binghamton
c925fc6e-8027-44b9-90c7-e828c4edb3c7,Brownsburg
c18fc74e-ff5f-4a48-8b6f-bcbdcdc1cf26,Bruce
ccb8efbd-ec43-455e-8ca1-29fa594dfa5c,Brunswick
5c977ba6-2136-419b-85bc-9b3c728383e7,Bryn Mawr
f9608c10-6ca5-4843-9222-ec3acf3c9529,Hampton
bdea98c7-ff13-48a3-8948-f833d37a6697,Bucksport 
703b75d6-9177-410b-bfc4-76cf6f94119c,Burbank
9a0f415d-7d95-480e-a18f-c37143400ede,Burke
cfdcc403-dd7c-4e7d-9e73-e98a83ea9adf,Harrisville
027c5b29-1a67-41b3-af0a-9f47f54f20cf,Greenville
9ca1800d-8be0-4359-9056-03863616c0c6,Butte
6d29e95d-c682-42eb-b9e2-5d41abfcb49a,Humble
faf1aad0-72bf-4079-94b1-8ad588a9b324,South Bend 
85b9d873-744f-49bc-8c91-475e5a9cab85,"Cadiz, KY"
fa2118eb-574c-41e5-a5d5-d205f4df24f1,Clermont
2b96861d-7a8f-4844-a1e8-c4b002fd993f,San Andreas
cb386566-0c28-404b-8334-88146495a8ca,Murphys
3b5cc9b8-5da0-4f0e-b745-946f488a6a5a,St. Johnsbury
d6108359-7d5d-4fd5-8f24-8e084e199e37,Caledonia
89ca8491-7b4d-4760-b3c8-33973cd635ae,Palo Alto
b28e3b16-e609-46ea-a857-476fe961297e,California
b4fc3240-85a4-414d-85e2-f080e2ba5a7c,Camarillo 
198439fe-cbe8-48d0-b084-84fef66380e0,Cambria
f530d2ec-1f8a-4b8b-acad-cdaf0e765185,San Jose
2ffdad05-d912-422b-81dc-654162515a53,Olde Towne Slidell
c137cdc5-0bc0-4816-8976-f6879c5c1b41,Cameron Park
0ef369c4-1717-4ab4-b09a-c2cdb01fbe26,Highland Heights 
5ae4dba1-8181-45b4-9d82-bde097ca5cd3,Newport 
b3c9ae74-e231-4709-96d2-9c7adb0b4e40,Campbell
f755dc81-d547-48a8-bd24-9735922c9819,Worcester
5d0311f0-3446-4dd7-81d2-e606b85f9599,Newark
f1fbec9e-06de-4343-a25b-0f1261933460,Medina
880d3e20-c0f2-45eb-a947-f5b31b853aa5,canoga park
d0042d01-6e5d-4c41-94b0-c953895234d9,Canton
5b580477-e2b9-4ccc-8edf-4ddd3d5c7fef,Cape Coral
e242e084-e4b9-4550-93bb-3d225f8d4cb3,Cape Girardeau
edd4e414-4aac-4611-a779-bb5fe5e5cb39,Dover
86b475ae-b100-4ba1-b814-529b66e1d4e8,DC
05e0208b-9c03-430f-973d-9c35d834229d,Carmel
8f73e2d5-e1ad-4092-8113-521442e6a6e7,Carnation
1c9916e5-4fb4-40fc-87fd-34d685a8f779,Pelzer 
8257d246-b4db-4a89-9aed-d8191d100541,Carrboro
7304d36e-78ee-4570-bf74-6ee4e6bc81e4,Carrollton
7195385c-7eee-42c7-811e-1f3a1001edec,Carson City
620cbe85-f93a-4043-bf05-7f55cf4d846d,GRAYSON
642070b8-530d-47b6-b6f3-acf3b2838b13,Olive Hill
472290b8-2e2c-43d2-a81b-30fe30f86ead,Carver
1fa62bc3-0ace-4883-92b9-3762fea9e4f5,Saunderstown
4c972e6f-d147-4de9-8313-ec2c7d2e435d,Hickory
d116bac8-eb42-4a1c-b61d-494ebcb73964,Catawba
69dbbed4-176d-4c69-a170-f0bf88df8321,CAVE SPRING
f16c662e-12fb-4870-b21f-8ee8a8e37700,Portland
e1310295-4c45-4bce-a7c6-6dad6ffa9b37,Cedar Point
bedf56f3-7786-4199-b4ba-1f3a3e18fd16,Celina
ad976afd-31e9-4d56-bbbe-c5072093b661,Central Falls
3f7a1991-c5e1-4269-9b09-c003d7914dce,Silverdale
ecf87103-2887-468c-af79-ad289bb5ceb4,Palm Springs
f46509b7-2398-4a01-8f7a-f63e1e690512,Fresno 
8b70783e-4bac-40a7-85ec-bebb98aa5220,Fresno
e3cda657-b362-4e2e-9f54-9f431f755956,Challis 
9536afb5-6d02-4b1a-9241-93b17fcbc8e5,South Hero
512c129a-3fbf-4628-8b2d-37d8bfea7428,Grand Isle
d120cdbf-13ef-4c67-a373-932288cd4ad9,Charles Town
1c2827d3-131f-4423-be52-7f901a38b2b8,Charleston
873ab61d-bacf-4192-bf7f-f9ddd8b83a8d,Charlestown
b4cedb30-594a-4535-b116-9d41972ff781,Charlotte
47beaa20-8f27-44f0-8a9e-fba013034e98,Chatham
b41452f7-530d-40ea-933e-1a56fb64e428,Tekamah 
cfa61106-4bec-4e10-a9c2-2219b031e7d9,Chelsea
cb4c87c5-0c52-4156-8d0e-7226dbc91a2f,Chesterfield
7a8448fb-98f0-4837-8ac9-280be43a76c9,Philadelphia
df9f3e5d-c994-48c1-82d7-3c04d216ed4a,Chico
654ce9ba-0375-4d7c-a8c9-88c02ee83cbb,Paradise
72c92324-e719-4f97-9dc5-20013a552577,Chilhowie
ba81b011-62b6-4f75-ba00-b4a0dd50a896,China Grove
c1c0bf0d-9556-44f5-b4a3-6e2346753c09,Chippewa Falls
8b43a6e5-38d1-49b9-b26c-c2dba2802f08,Douglasville
ab9360b7-578e-4a1e-a56f-298e5ea4dc73,Blackstone
f9db44ef-fe23-43e2-84e1-24a328045677,Ocala
dc51b975-2071-48aa-b3db-55dbafc5eeda,Florence
5572ca20-a993-41ea-bcf1-8d49fe995ead,San Diego
4cb395e8-7fa2-410d-8b8b-c5a7e45d0b2b,Loveland
2e057d5e-2657-41d7-9976-d8a45762cd19,North Adams 
a7424088-b009-46da-8f36-e9bf6192efc5,Pittsburgh 
fca6053a-9f72-4a30-b380-0b93b3b75e11,Plymouth
177a89af-484a-41e3-807f-ebc9b573b273,Seven Hills
989affb0-3a32-4e34-806f-f669188b4645,"St. Clair Shores, Mi"
69f191fe-37e4-466e-940d-f52cc3c6c98d,White Bear Lake
63a70a5d-3ca2-41b7-827c-789611c1dd8c,New Haven
a514a3fd-e061-4dad-96d2-84c6240d9235,Claremont
7b5d7ebd-7a38-4215-b160-1825a89159ce,Clarence
54f535bf-6bd0-486f-83e6-e082041e8db3,Clarkston 
afeca41e-9cbd-420a-a0f1-5c6dba21ef58,Clay Center
9ae775c3-210f-4e99-a521-a54c13918126,Cleburne
ae3562f3-25f3-4986-958d-42663a49b96f,Clemmons
7acfc7b6-0678-45eb-ab68-a00a53481c51,Washington 
df13f028-935e-42fe-8547-da04c48bd6e7,Clifton Park
57fcf8a5-d254-407c-9971-39673098cdb9,Clinton
636e566e-a955-4175-925d-c3f319923b3f,Columbus
87e9db07-989c-4ded-bf38-33d15664ed76,Clio
bdc81801-2691-40d9-a97c-3903606a36c7,Woodlawn
379fab18-fce4-4a02-bc2e-22ae3d688dbd,Scranton
1b714718-5c85-468b-8e6f-1c708932c556,North Kingstown
87eaedba-fb7d-4ec9-8a15-aa10a7c3e616,Half Moon Bay 
78c5e500-cc58-4855-8d7d-57d28cd9b250,Pacifica 
0bc9cd46-f35f-468d-a898-a3385da7bed4,College Place
ca525457-3c4f-4649-9e21-6266f13dbea8,Collinsville
029d4a4c-b595-4611-81af-660a3fde1199,Columbia
634b7cbc-01c7-4824-957b-82cd10ef63fc,Columbia 
0509ee0c-ee0f-4844-96bf-aaecd9cbc241,Colusa
ecd66161-acbc-4147-8a08-7f90874beb28,Collinsville 
1aa7b1ad-12ea-45bf-a1a2-4fe0c2dbfaa4,Como
5f217edc-8582-4c30-87ba-b21fe609fb08,Hartford
e648f44f-caf7-4b2a-bcea-ee4eded7d0f3,Conway
0e78e5dd-227d-4fae-8e94-5baa1540ca3d,Coos Bay
7c9330f3-b515-4a81-af3b-9241d43753fc,Coralville 
92dbb78f-242f-44e6-ac85-e38ed3d71e22,Cornelius
366f4de4-c6fc-4c7a-b241-410888939f98,Corpus Christi 
02e8a855-1419-41f1-b2cb-d6ba958292a7,Cortez
d40c677e-58b3-44bd-80b1-a76c0cde4d1c,Corvallis
3e46fd23-c114-4213-ab22-42b24a0c53d7,cotati 
1d0fdbf0-4d1f-4da8-97c5-c0ca88edc2c2,Ariton
6736522b-bfce-4d0e-a344-b3d274bdb233,Lawrence
88bd6df9-ce92-4344-850a-14b9697c1be0,Barron
2d11e4c8-b905-4418-bc32-0e84e370f5a3,Akron
80aa3bfe-555d-4fff-83a8-e71a6d204e6e,Peninsula
8a140094-1958-439c-97ef-011a5d44ea19,Coventry
c9135d6c-cb90-4006-9fb4-df02684a9257,Covington 
8106cac2-3f30-4e3a-bf64-6b2c46fbaf1d,Fort Worth 
5e111869-0dd9-4c9c-abaf-ab38de99b799,Cozad 
a7bdcd6c-2f62-4b78-a724-e5a61523420d,Wellington
23282612-afe1-4902-8a7a-e4ca4b35bd26,Crawfordsville
5283a67f-8ca5-4d82-87c0-20764f64d1e1,New Orleans
2331a6f2-ab91-4f5a-bdbb-a8fb49ace604,Fremont
1b4e6c5a-badd-46ba-8221-bc50b3adfdac,Wynne
5efce2d5-ebf5-438e-84d3-7273d6528bc8,Takoma Park
637c066e-b72c-4f83-857b-10152ae4b6d2,Crystal Lake
c0db23ac-8fe2-4f48-9de3-40a648b53699,Culver City
2ff0f3c9-707a-4dfd-9b2a-d7bffe833573,Culver
001ede9c-0a38-4f97-af06-000a16215fd0,Burkesville
2486889b-f823-49fe-9a7a-70f68165cc2a,Cumberland
02beb9e4-a469-4c73-9e8e-73796503201c,Cuyahoga Falls 
5832faa9-494f-40c4-a204-b7c9dff9f2e1,Fordyce
ddaf7996-fa2a-4313-91f4-abfe0cb2c50d,Danbury
ec4a37b1-1867-483c-a87e-53d763b5339b,Dardanelle
ec1c8a20-0107-4c6f-99f8-f12d4ec30ee0,Darlington 
25a04376-c2e8-4c22-bf52-e30fd32e1eec,Davenport
e50b7664-8054-4efa-8b4b-4154f2bf7328,David City 
fcaf7455-72d3-4e4a-a38c-07caedad5fa4,Dawson 
57f9397e-e263-4129-b83d-392eb65b9dd3,South Jordan
de670d21-3908-4091-83b9-8041817d9e4b,DeSoto
45f20462-cd44-44d4-ae23-545a79ee69cb,Dearborn 
6e58c975-8ca4-4986-a2e5-ecc1a9b09c7c,Decatur
cf73deef-ce19-4197-a18c-105f107029d1,Decorah
457438c0-d0c0-49f7-b65a-233d64834bc2,DeForest
577fec98-ad4a-40cc-b35d-a88fb7359092,DeKalb
1d635c4f-2e38-4254-a6f4-b0485662f994,Monterey
ea5d33fc-e683-4f61-a8b8-6d8844ea1881,Wichita
26c17714-209e-451c-90e6-569a77806a12,Delcambre 
e110847c-470e-40e8-909e-2dff524f3c4b,Delmar
28b4e763-ea8d-4cb6-8616-b42afd3a702d,Delray Beach
80ec8df0-6f56-44bd-a0dd-9a3655f02d27,Seattle
a8248993-de7c-4796-8855-0f669a3e8593,Denton
6fabf693-5e6b-4245-a6f4-40741d8ca76a,Dexter
e5c9e0e7-9b43-4aa6-b8f3-bfb1e656280f,Dillsboro
1a54f412-57a2-4420-9484-93bd55402904,Dillsburg
4ee4e89f-f838-4f87-868b-0fffe5bfc6c8,Dimondale
f7881856-eb3c-4fde-a1ec-4a4224fbd8fc,Eastman
cd0dc7e0-a5b0-43cd-811a-4d2040123f2d,Dodgeville
e4519c4d-fec8-4e8f-8364-eb54120dcae6,Dove Creek
afba8536-2fb4-4618-a7c9-4d8371644ef3,donnelly
dce30b8a-3cb9-42b4-9b7c-e319f599667a,Dorchester
12809590-5eed-448b-973f-fe6c48d8fe95,Henrico
eecc69c5-e960-41d7-bf33-41b2331f2cfb,Dousman
aa620484-673f-4e58-b751-9ee921313181,New York
b4fef565-e4d1-4e4d-97f9-071ef71fef6b,Queens
7eefa8eb-6a50-449d-844c-e037b9994d99,Larchmont
ffa65bdf-5ffa-4047-8a47-5cd378de7e39,Mamaroneck
f0b17aec-91d5-4093-a71a-5539a857b96b,Brooklyn
7d0016c5-a134-4d31-830e-f3a163dfa039,Manhattan
021e0964-fe1a-4576-9726-111fda24c237,New Rochelle
52682949-b2c2-4bf2-b782-5b0e9c9851e9,Ossining
56be8de9-ed4f-45de-aa1c-3bb37bfb362e,Park Slope
0606b121-dd78-4ac4-ad8f-655a8b8657df,Rye
2e8fa657-fcef-4ba2-80a7-ae1df8743163,Downingtown
11cd624c-4959-483e-9e17-005d9b670391,Alachua
8f22379b-20fe-4905-a1b9-3427602ea790,Allen Park
78f3d520-ebc8-4a59-aeb8-afd5fef3e2dc,Beloit
b652ca01-2d81-4212-be1a-22a2e263dea6,Berkeley
1d56fb9f-70f8-4a7a-8555-785d1e1613cc,Denison
8043842b-f036-426e-8cdb-3175c317175b,Elgin 
e199430e-5f66-4ea2-88d0-3c6bf327c9c8,Evanston
acb30e04-08bf-4250-9bd9-f89edeef4563,"Evansville,IN"
b8c4369b-dbac-4557-be90-46eba0ccb480,Murray
2fc24466-9bfa-42ad-9254-77c4cb59be77,Lancaster
80fbe27f-8e61-4735-8484-958afe7fb66e,Murray 
3f4bf92c-8e42-457d-9470-b959e9f51ab4,Fort Pierce 
a3816886-626a-404f-8760-4539a4dcc4e4,Fond du Lac
a5086d3e-73c8-4768-a8b6-0b3dd24f2c18,Green Bay
1a8dede1-31d1-4f7c-bd6b-8be0b2d55658,Lawrenceburg
729076cf-f8bf-4f85-8377-5db5767680b7,Lima
37d57a77-f474-4b9e-9aae-057359b0dd39,Madison 
ad0fe2e1-02e3-4d72-b5e1-c0b51b83fe55,Marquette
0f539c74-09a3-43e5-94a0-a54038523d51,Novato 
17451345-edbb-47c6-a6c8-4784cecbeac9,Phoenix
9f772012-6b3a-40f8-a3aa-1ee0dfeb79c8,ROGERS
120e40cb-fc9d-421f-a196-b4fafc7ae43b,Santa Cruz
dca25446-2840-43ae-8b72-7b0cfee5e497,Yakima
39bea1fc-c381-4937-a5ff-8645b36c3ddd,Dresden 
61713ed1-474a-4149-986a-e55a9219f604,Dublin
44d8dcff-4334-4793-8d2c-4b92da2bfe7b,Dubuque
fcd1e4c6-d5cf-4af6-8e51-0c99a5eb34bb,Duluth
7410fd40-2c64-4c76-b3a9-28a2b364ffc7,Durango
0371cf44-2e3a-4173-a820-749f7cb5de7c,Durham
84099a9f-4220-4cb8-ba7b-3476748644ae,Duvall
5846c3d3-eb90-42d8-968f-225213d33701,Fallon 
f4ab0881-4845-485e-9148-8b557d6abfb0,eagle
c8b71bb0-01b7-4e64-98c9-71a225e428cf,Atascocita
3a76d7e4-8f18-4591-af84-f0badad99ec0,Atlanta
eb1eb58b-bd48-458a-9d5b-c4add1892691,East Boston
9c6c264c-e2e7-46ec-98e4-04bdd2dbcf9e,East Greenbush
ee7ef7fc-ec79-4441-b0bd-60cd097d70b0,Los Angeles
fdc36a8f-ad9f-4ecd-ad2e-1da46f5c9ae0,Nashville
81183dc3-49b2-4e2a-b3b5-6148bb0e72c8,East Orange
bc6da5f8-1df1-4c5d-a35b-085b80ab3fcf,East Palo Alto
40492b78-acac-4395-a43d-c9dc20b62528,East Point 
2fc13630-53b2-472b-b74f-a337ab6697e2,Elmira
5982388e-9141-424d-a1e6-e29df8803d5b,Vancouver
7f781d80-8989-4283-a058-a82249c1f228,Easthampton
6e422f96-cd39-4d42-8370-90fce4124512,Easton 
14435f3c-81a5-428b-9e72-4ace81bb6247,Knoxville
fa797280-4396-45e0-a088-b36427237cbe,Smithfield
40199232-4474-499e-a1ac-23c8543adbad,Edenton
c2a809bb-5dfd-4b02-a3e1-a5b591b90a91,Edmonds
dfedae59-ff15-4526-bdeb-7e76c4df1888,Egg Harbor
4aa82fd8-dc7f-4592-9ac6-42533847c882,El cajon
8e1d86c5-b50e-44ba-9cda-4978a3c42d57,El Dorado Hills
ba0497a9-7f95-44b7-9063-b95a6cd22619,El Monte
c6b2963f-a14c-4f8b-b404-9f1c0677289c,Eldora
a31d8bc8-59d8-4ba8-a677-d3b13b1dbbab,Elgin
d4809194-749e-4664-9bac-0d611e873165,Elkhart
d4e43ebf-9982-409e-9deb-ae0bfb1db7ab,Ellington
b8c134b7-8e80-4b48-ae95-d80a7339dff6,Ellington 
1d58604b-f230-4220-a834-c3a47e33870c,Sandy Hook
4905639a-fc60-40c6-92a5-759c84e01cc7,West Newton
1dc6c110-34e0-4b1d-9b9a-acd8ae87c512,Buffalo
442b81f1-bcd1-4010-a05b-254aa6568641,Emmaus
0aa63f71-cb22-4b26-8454-63fdd7654d5e,Empire
b0693428-1272-41b0-98c7-044b5762dac5,Joplin
8cf81207-665e-4dd1-bc77-5c3a249419db,Van Nuys
9278e54c-7584-4ed3-a5f7-5ae1e0f6dce3,Engadine
9b6305f1-b73f-49d6-8d53-cb0a0d2e7012,Candler
8595adb0-b931-4d96-ac5c-7d6f9f6e1819,Ennis 
d5d7693e-9512-4d7a-93d0-91b1372a7d61,Enumclaw
fb48cd47-bfd9-4ffe-a8a5-0fd0e08e3659,Espanola
fde5727a-86c9-47e3-9298-fa6d2b948fb0,Estacada
a3c455dd-2da3-4885-9d42-6e500e5c2a29,Etna
d43dd82a-81eb-4960-b190-31d3c35cecc9,Eureka Springs
e91f0cfe-69ec-4ae3-a421-6ffd7c5e5d16,Evart
ad744316-cf5d-4df8-9e83-324221c4a3c6,Ewa Beach
8c87a3da-00a3-44c8-bd69-16e13c35e262,Exeter
d56a80b3-edb8-4a57-a9d4-9e27ba84fac2,Fair Haven
0c0d01e5-a1e9-4d9a-b0dc-0a24799a805f,Fairfax 
8c4bb14e-0933-4e93-b582-849753acc376,Fairfax
2c169706-7e2f-40d5-b908-2d0a8725631f,Fairland
b6942463-24a2-45d7-85b4-7601dce2180f,Spokane 
87e12849-83ff-490f-af34-b9912e632bea,Lincoln
ac3190c9-b0dd-4b9a-bc9b-00d2186b5bf5,Sioux Falls 
491977a8-d8c0-4a18-be68-1ad4dbd7d531,Indianapolis
901738ca-5c12-4df8-b8f1-6df3b8a6fdaa,Caldwell
40e815b5-2804-487c-870f-2dbfc5994ae7,Albany 
6a474982-1f2c-4ccb-b9db-5d2b7685c8d3,Las Cruces
3e70cdd2-c82e-4a71-a87f-38f611e91eab,Farmers Branch
e67d90cd-d9ff-46f8-8a41-ca4443502e4c,Soldotna
3a244782-f460-478b-b3d4-b492726d0b68,Naperville
f0dc14f0-4ee0-4167-8ae1-ba490b699b74,Springfield
6624dfc8-ad89-4082-93fe-cbb2863f6a8d,Greenfield
233104e2-9027-4c90-b1c2-e8f9231a8e2a,Scottsdale
ebd7cf2a-d28a-402b-9b05-985b93cd8829,Gravette
1977ab88-48ba-4140-9d9e-d71175303127,Ogden
412c7ff2-d07e-4dac-9a93-56b1cc16201f,Katy
726e9c2a-346c-47f8-9dea-5839fef03465,Greensburg
c8672ab4-2ac1-4102-bd76-502228785542,Missorui City
5b17683f-8cb6-4bcf-b317-d4043f463b16,Carlisle
a76bcc2d-76a9-4dd2-8d24-1e4470c412a3,Steubenville
0b2e6176-ce3a-43ce-9713-16c4960f191b,Honokaa
789ee460-8850-44f4-9e62-083dc8430303,Washington Court House
e54f99e8-f63a-4c53-ab3d-d0c97a802cef,Connersville
84fb6ee5-c682-453c-9c33-241067388d45,Fearrington Village
15633ffd-0636-4b30-a646-c73e899f1fc8,Felton
3671c440-0d65-44e3-b660-a4fec9ff980e,Ferguson
f5d11b52-e337-43d7-ae9d-cae8980a38f7,Little Rock
a2a4d862-6395-4142-9490-a5af565a217f,Fernley
c93bd186-da75-4912-9dd3-d71968996844,San Francisco
bb078fdc-6606-4892-a583-ae94773f5269, Cobleskill
9b5f74ca-5d9e-4618-a0d4-a52b3dd6b1bf,Cincinnati
951194f8-90c2-4023-9e49-8f48f6dca0fe,Sycamore
c780a7e1-bf49-41eb-bb6f-e40f558c9b4b,Lafayette
678e486e-d266-48ce-a9a1-8885130f1726,Fish Creek
b1d32bbb-784b-4fe2-b4b5-1eb5c634cf15,Narragansett
73201bfc-4c34-4232-bbec-d9c448c11826,Flemingsburg
35003bbd-09a4-4eb7-a5c1-9770f9d0e49c,Prestonsburg
d2c6168f-5736-4b49-8a1e-f6a6e4e5ef0a,floyds knobs
19dfdd3a-41de-465f-8d8d-c0c2055fd836,Milwaukee
977543a3-3bf5-4deb-9ee5-de42d29873ab,Casper
ddc3e454-e80c-4d8f-9fd0-eb7d5e873faa,Forest
796eeafc-942d-4fc4-8351-d8a5443c2124,Forest Grove
9aa5c075-c93e-40f6-889b-9f07108e355b,Charlottesville
1d4dae30-880a-4db9-88c1-150b0ea945f9,Fort Smith 
07f9dde2-f507-4ab7-941f-9220085a9453,Fort Sumner
cdef8be2-c638-43ef-9a0d-3bb9d3b85913,Fox Lake
1e034efb-0c3c-4eef-a4b7-fa3f184a5633,Frankenmuth
a56f4693-c894-4ab9-b8e3-467577b21b15,Frankfort
df12d37b-bf15-41fe-a5d8-d29caae5cb1f,Franklin
ce6b943b-636c-4f6e-b008-0dd9cc6f83bc,Evansville
082b99a8-7de4-4e73-9ab9-0940625d90fd,Frankton
0736f3ee-605c-4eda-b7e0-7b50b4635b72,New Braunfels
fcec76fb-3c07-4cfe-b148-e8f3442d0a13,Antioch 
8c3d5d21-a2a0-42f8-bc72-ef36186ac019,"Phoenixville, Pottstown, Coatesville, Parkesburg, West Chester, Kennett Square and Oxford"
14ebb735-3b4e-4322-b1ff-364e95f10683,Washington
69e51d5c-879c-449e-929a-882ded428140,Ft. Thomas
e0744dcd-246f-4a75-b128-8108f850d554,Fort Wayne
55ce2807-86ad-4fc1-893a-be1a4c4e8086,FORT WAYNE
6157e4f7-6b07-498b-90b1-bbdcfb8ce6ab,Fulshear 
8940f268-b429-40f6-8e7b-615ede7f468d,Rochester
807ce687-1b83-4ea6-995f-b6d654b1989f,New York 
9221d088-b006-4bea-88e1-dcce52d75f48,Grand Rapids
08ce63ce-7f8c-4fc0-972a-787b4f2d5299,Fuquay-Varina
c15d2c07-a850-4041-9c22-6a25caf61831,Galena
4fa4b157-461c-4f14-880b-d17354da440b,Gallatin
55a389de-6049-4525-b862-595a5ea47fef,Riverside
7c5bcf8c-7ea8-4ae6-b820-ea24056f50da,Garden City
9cd2c814-5f09-4824-ae06-546a51b876ed,Gardner 
2c307515-de51-434e-950b-632b7e2bb698,Gas City
c2e59625-ea90-403e-8533-4bb09e7815f9,Texarkana 
d9ccea19-f77d-4eb6-b9b6-67d092cfce1a,Georgetown
6cb684e6-3a7f-4108-b77c-077d74001fc6,Houston 
61311f03-36d6-4a8b-8646-2a822aec1fd4,Gilbert
653553bf-978a-41b9-99e2-4efd67dc9fac,Gilmanton
8b3ab422-7ec2-4ac7-ae27-d0ab1fc16eb5,Gladstone
87cdaa5e-e4d7-481b-80be-27cb23321a27,Glen Arbor
9518ee41-474e-4d75-973f-27b0ae7bb7f2,GLENCOE
ec9b9185-8f74-4bc0-8a1f-cbb511d2c37a,Glens Falls
13a01401-b546-4ade-837f-e4e9309a4aa5,Warwick
88eeb60a-9cc9-428e-9b33-54d054a618d4,Dallas
7e569970-2e7c-4b83-a921-1e97de510629,Goodhue 
6db186f9-3ba9-4ab9-b1a4-4ac30d0d1848,Gooding
47610cde-9462-4e09-9500-f29ccd6612f7,Goshen
db63ef99-1a87-48aa-91ce-7eb20075c10d,Stuttgart 
b1ba6934-e9d6-481c-afae-c8dd21e29344,Roanoke
f10cd03c-f23b-4b0c-a6a9-6cd9e042d580,Turners Falls
bf779a57-4bd8-41bc-be77-77767619cbc2,Brownsville
339f2999-611c-4afa-b03d-ab91d8935a2b,Watertown
ac446ea2-e010-4fce-9e89-6ae77c391365,Greeley
c89d84d0-5cad-4c37-8eae-2c0565f540ba,Walker
96309c6c-aff8-47b7-a98c-7d9ce4b0d881,Greenbelt
fe908f2a-53c5-4d5a-96aa-bfdc57086584,Ruckersville
95d59fbf-6702-4fc4-975f-2e13b25fa122,Gretna
b34177b0-7142-4d8e-8cd0-fbdefcc27264,Grinnell
9def299b-fd23-4d76-8013-9e5a4491204a,Lihue
e4897ee6-a879-4b53-9dbe-111dc7623aa7,baton rouge
b611a94a-7d97-44a3-ac44-ade18122f2fb,Hephzibah
e34ee1cd-9737-45c9-8d91-5816ed505905,Guttenberg
cda97df6-67e0-455a-8073-154b71691a0d,Aiea
0a1ff6fd-1b3e-4a88-b052-1780b2945f9d,Halifax
e6ba72c1-52c4-46da-ad2b-3e6bf50409da,Jersey City
e04f8969-4f44-4887-aefb-973fae653e0d,Hamilton
29cbd75e-b157-4562-8f14-6200b65e388c,Fayetteville 
7f3ac796-9162-4209-81c5-91820b114474,Hampden
4044f196-9514-4089-a101-c21afc769df8,Norfolk
d03e8799-09a0-45cd-b1ab-4ab6c42a8231,Hana
2cd0b256-cbcc-4f66-a7ed-dbf57d5cde43,Hanalei
da5cf014-ba93-4312-b168-623dda12e0c9,Findlay
cdd6b2d2-18c3-40d4-836b-743f5c996b34,Hanover
eb661453-8f22-42bb-9f6c-7064786b40c4,Akron 
b15a63c9-8b15-408c-ae26-898a6b932b99,Harker Heights
fee51e0d-348c-426f-ba86-979e69956807,Harlingen
3915fb5e-50a8-465e-84fc-1d6b2115bb89,Harrison
9795d874-e939-4119-8029-0d98f1456502,Cynthiana
9ee04a51-7708-4d7e-a791-792e766fc09b,Munfordville
098c5c41-cff4-4447-83db-9a402f3268cb,Bronx
276b5aa2-911f-46a5-b4e3-f983b117d356,Kent
f9fc5fe8-f811-4390-8a08-32a65ad1ffa8,New Palestine
15f650cd-ce5b-4b96-b99d-55056a683807,New Albany
7dd5b3ac-79f9-4838-888c-5c875251215c,Heathsville
0595bade-0d55-4fed-8107-c5088d032221,Heber City
2815876b-209a-4385-b676-a3ca50ebfe25,West Hollywood
f5668f24-e49e-4cc3-aae3-0972a0dbafe8,Hendersonville
da9206da-072d-4052-ba3f-37d6c6911933,Henderson
5811131f-fa6f-439b-9bb2-986de07793e0,Hendricks
4db8f92d-ecbb-4020-914c-3f54cf36c55e,Parkton
0ac4118f-df54-439d-8d34-ceed4f1055dc,McCook
ce69c8e8-9f13-4ba6-8bcc-6737332beb97,London 
a6300027-f907-4f09-833d-0c502a9f1b81,Rancho Cucamonga
3c1c31e1-fbd8-4232-8764-b40c7c3ffed7,Springerville
8c348e42-bc1a-4218-a01e-9b6e99bbfdfb,Hernando
32de059d-2d63-4e83-8347-b084b0e2ffcf,Herndon 
b27eaf99-0766-4aba-91ef-3fe4d2590b15,Herriman
00a0b3fd-8230-4624-810f-26817ec9a9f9,Clarksville
e667e962-4e98-4727-810b-4a1c249f772a,Victorville
e82f4a23-068a-40d6-b616-ccdcb342aa53,High Point 
f5cac0ad-60c2-43b5-b2c0-157a189eb36c,High Springs
f475942e-e975-4eb8-869f-abe0d63b8007,Highlands Ranch 
f68049dd-b4a3-4749-80cf-44a946a37bdb,Manson 
fe940bd9-fccc-4b84-ba7b-1f61d5b80ced,Hillsboro
91696fd2-1da6-4a67-a7b5-d5f72c4e9c0a,Hillsboro 
d278a66e-b8dc-4c7b-bc31-82ed1282f576,Hinesville
3613016e-f1a6-4c0f-bb60-3306aaaa8cea,Hingham
dd258a8b-5074-4dc8-be46-f32fa00a8863,Hinsdale
b5209b33-064c-4fef-a31d-593e9c8be0fb,Hot Springs
ce7b8c3a-45fa-4ce4-a7fb-10e9add35531,Lapeer 
0bb8c9ef-1b19-4138-aeef-3aa7db11a44d,
7c42df61-2eff-4fd5-9ce0-46127c60fb93,Lewes
3ce8c6e6-3020-453a-a70c-be8643229ce0,Marion
cd7cae9c-667f-4c18-9ad0-32e0b905d9b8,Newburgh
b73e71d2-0d26-4bf3-8ddb-cc2d7ed9f151,Holden
620de22f-9d2c-4a9c-9aff-b78ef280e0ba,Hollidaysburg
8d06c798-4308-44c3-ac19-11daa8711b12,Holly
38f47769-d1ee-41ca-9845-420a668006a5,Holly Springs
4cc9f540-f5d8-4e5f-87c6-a44225d07270,Lexington Park 
99078e71-b27a-41bd-8a42-2137881846f4,Homer
88b01394-63cd-4117-9616-9f878cecc5e4,Homewood
e72aa5c6-7706-4a67-86bf-43122e384c7b,Hood River
b450824f-e7ed-4111-ad6c-6143267585f5,Welches 
c56d6af6-3905-4d7a-ab2c-7b588c9d4964,Warren
39368a3d-8ee7-4adb-a43c-b69cdc3de21e,Providence 
9ad957e4-f701-4cf3-aa64-336c10da6bfd,Hopkins
03cdfa00-afb0-4335-8a62-7f56b5b66160,HOPKINSVILLE
5c84676d-1315-4938-88d4-7048a5590ee5,Hopkinton
c6d82ba7-ea93-4f71-90b3-42f6b5a04041,Spartanburg
3364a251-7303-41ee-8e1f-8e3c00cfc342,Hudson
2d02e63e-2eb6-4676-9e77-cb4ffaafda5b,Richmond
3daba585-2a0e-49a7-a675-7f9e0e30046d,Carbondale
6aee8ba7-3f02-4087-8aad-6fedfedbd1c3,Flemington
d9baa74a-cb85-40dd-9e61-4dfedf39f977,Huntingdon
04e6de97-0d76-4d74-b680-1738b8862ebf,Huntley
d6b742c3-9486-41e9-b858-a3eb29e5e07d,Hutto
7b744e00-aad1-435f-be23-e045b472a354,Clarksville City 
5696d71f-bac9-4f7f-9f96-7634f3fb6ca8,Hyattsville
9b46dfa4-f818-4bea-9924-3bea76b35563,Ida Grove
b3bcee77-f2a0-4cb5-93f8-9e4987e7a5ce,Idaho Falls
e35653e2-132e-47ba-8cd1-16ff61f5d54a,Imlay City
34f0b5c0-a5ee-4bdc-9ad0-7696097a0f46,Independence
5da5b6aa-db4a-46cb-a521-8be7d872eda8,Independence 
16771f6b-bb5d-482e-a320-824554a981d3,INDIAN LAKE
57f4ff94-defb-4799-b4a2-bc64d99100e6,Indiana
b72c59d8-02c2-4c59-bbd0-1f79869d2e52,Ionia
d79b21ce-1ea6-4d6e-8c23-ff27bdfd582e,Iowa Falls
e00e67c8-b589-40e7-90c3-246c0237e610,"Brooklyn, NY"
6e15e235-4751-4ab8-8b96-a430ac976c32,Issaquah
8d2c6725-4f6d-483b-a4ff-f245f5d51028,Ithaca
293022c6-5522-49b1-972b-47cb99d8e081,Ivanhoe
ee46f19d-2f4a-4763-ac08-ebd8464e652b,Douglas
7b9bf7a7-f239-4686-b2c9-f5a3b1964463,Jackson 
0b72bf8f-94b4-41b6-929c-81c2f6d80cce,Black River Falls 
11c9c435-1bce-4ae7-a887-7ed3da02d5e5,Mckee
5ca15f49-f6e3-4d64-bf26-aba55a02e36d,Tyner
b070baec-5578-401e-a388-598d49ac8c4c,Sylva 
95bcc605-75a9-40a1-bf29-8d0eb4f7d490,Sylva
ea4ecd7e-b5a4-4b1c-b63a-0fe9f95da0cd,Janesville 
f2106241-7565-4739-9d3c-ce58906c21f2,Jasper 
204de87b-62b2-486e-a6e9-ced5ed28200d,Jeffersontown
e9a106f3-e32d-4430-9bd6-7a6344cbb5e3,Paintsville
e4c3ed25-629a-4cc3-b20b-1752c64281f7,Joshua Tree
66d52743-b2b0-4815-9d88-3f50313f9e22,Juneau
442f1819-ae45-4d74-bbee-30e6cd846880,Kailua
2e629083-73b9-4d75-a96f-265ff259ce80,Kalamazoo
9a2e4f02-1774-4e29-b757-a047f03a19ab,Kamuela
ea449c4c-0286-47e7-8c12-21896ac68a01,Kaneohe
3f272368-32f3-4acf-b7b8-3afe3901d4d3,Kapolei
522f40ed-9812-485b-88c5-4c3602e17b9b,Milwaukee 
c2ce7cf6-bbc5-41b7-8deb-57abdb905d20,Keller 
0b9b5c0c-a8e7-46b7-9320-5f669bf42fe7,Kenosha
1f8c6cc9-520e-4956-8add-6fff00598290,Kensington
ffbb5c3e-4504-4431-b405-3f61949c0a2b,Kentwood
67463b0d-7916-4dcd-87f9-3160c1180edb,Camden
838dd2c6-5841-462c-9854-ba25dc709311,King 
dff37c72-c401-433b-824d-e73c33c6c17c, King George
a5ed0a44-ddf4-465d-ae50-b10b4c8aab17,Kingston
86300cff-1e7f-4d3a-8c63-1c16c3f2c2e0,Alexandrida 
6a94759a-701a-469f-80e8-ddc5b096bd17,Kingwood
c472ab14-d735-4e8b-b595-d3d16c293ac6,Kirksville
cedc6005-02ae-457d-ae9f-8864af7f8db0,Kirtland 
ba25ae4b-ad75-463d-ba6f-66a4b4504267,Kittery 
85681c96-2cdc-4c7b-b4c0-afa6b0b95232,Edina
1778b2d9-eb8c-4dc3-beb1-36f92f11c241,Barbourville
306df3d2-9e95-4ee6-a456-4ca182bb5857,Estero
f35f4ec8-e773-4b4b-983f-9d57066b8d04,Kennett Square
d9ea427a-171e-49cf-a07f-970e0ccb7e0d,Carolina
c0dc7616-bb67-4f44-84e1-b86265f22936,Los Angele
a68b8f67-1d38-485e-aef5-cb1e6e3a429a,La Grange
12dc0dbd-ffe8-4bcb-8dfc-80b2152c2e07,La Plata
7daf04ef-950d-4b76-aab5-c5fc1ba7810e,Weston
d08ae061-740a-402e-a65c-ff955078c1ee,Lewisville 
8a7c9df4-e452-46a7-819b-612c1a1ad8d4,Lake Barrington
79824182-cc6a-4911-b788-c2fbb3d5fd8f,Lake Oswego
fbf81afc-72a5-4407-a44c-eeaffc6d6c0e,Lake Placid
f2300751-6175-4720-bfbb-a984a7478de2,Brainerd
891ec98e-6ceb-4679-903f-2eb5ce356ac9,Baxter 
2a1c2195-45ab-4949-acea-dee08363a2fa,RICHMOND
eb1a3b25-1033-4ceb-acdb-fd85b857b9a7,henrico
3c783f84-9dfe-4ea2-b090-7b909c718a96,Lakewood
e3f980c1-8e15-4552-a97f-d18a68afddf0,Lamoni
35d30f30-3894-4c0e-9f44-1ba6f5997e07,Lanark
613df895-f0ed-43ae-b8b4-58e23fbd1044,Sheridan
58f29d02-b83e-4bf8-b646-2a00b223a6cf,Eugene
ad3b0b8f-c98f-4375-af13-5363d340e649,Eugene 
ac78a85c-9b2d-4ddf-bf35-e95193653a62,Lansdale
8380ef39-2a47-4ca5-b0f4-e57d0fe6f5eb,Fort Collins
3f420a5a-3edf-4cf5-9ef9-f14913c06a91,"Troy, ID"
1acc4ff7-524e-434c-b5da-65144d97b772,Huntsville 
03cfdd55-5eaf-4650-ac2f-6c5040605e3b,Laurel
1f70c323-6c5b-44e8-8cd0-de7e94cd981b,Lawrence 
85e0bb16-1f7a-4d91-bfc8-525330b376f6,Cobden
291c8c06-afc0-44b1-a783-07ff7c2d200e,Lebanon 
d46b32fb-4cc7-4784-a1af-1197c4e3cc69,Lebanon
a99c4dc4-e05b-4efb-b21a-ab91f893c98b,San Antonio
951328af-355d-4894-aacf-498936c4e5fd,Miami
2709072d-6ff5-4a00-900c-bd76b14f1c6a,Leland
e4a35803-68fa-4907-a9a2-de6308911ce8,Lenexa
13dd5a22-818e-4038-acb7-946318ecc324,Kinston
b6f42d1e-e3b0-49c3-9ca6-71d67ac94084,Lowville
e3c1f813-df6d-47e6-9acb-c36269043886,Lewiston
74724b09-ca0f-48f4-bb63-117e6c8670bb,Lexington
645d0d4a-1025-4846-983d-69a017c005ce,LEXINGTON
d813ded9-fd28-4036-b973-b38609b1b5f1,Salt Lake City
c5e84a94-b8ad-437e-b7f6-ce8e42a95c57,Ligonier
26279c98-85a3-4e7e-8f1e-8a0bc03be53d,Lilburn
200e8bc1-f5d4-4a68-9047-2d0ff7067b35,Caliente
0a52031b-61ca-4283-92c2-194a2a37c6cc,Lincoln Park
63c4f29d-6afb-42a5-a182-5f5fe0bda595,Linton
fa263c2d-443d-46b1-b5f8-4a7eb6146f34,Litchfeild
7b33691b-80ba-4b9e-b3cb-a4db67b6860a,Litchfield
03adb5e6-94d3-4784-9cd5-bdb079c2f357,Seymour
79b859c0-d3a3-4d46-8ba9-5bb99c15066f,Erie
48e0a691-7d29-4113-a564-2fb7f63ae0a6,San Diego 
64f41707-d67e-4a2c-828b-238210a501f5,Ashdown
945b2f8b-d07c-4044-b5a6-2b5032abcc6d,Little River
6e2387fa-17fd-4a4c-bb50-fe506848d909,Livingston
80e0384f-2ba4-4c97-b71b-0acf0bc0bde7,Livonia
126992aa-7337-426b-95d3-e17e7dd6a276,Appomattox 
4d853614-4a1e-43b5-b111-dc9c20e49804,Russellville
d4fd3df0-ee3c-46a6-8afe-4a46aa328fe8,Lorton 
b4611b19-6497-4425-b25c-7bceb454138d,Los Ranchos
bd55ff7a-39f4-4fa1-973b-2546be14bba8,Louisiana 
7163c9fe-e8ad-4c32-b23d-3cd1ff1da608,Lowell
056b65b8-484d-4f02-9706-b34b2c6a414b,Wallowa
20e591eb-8100-4063-a1b0-87a1de01403d,LUDINGTON
e3ab0a9b-262e-41cb-85dc-b923ad945d6a,Bluemont
7e9645c9-73e4-4cb5-8e3c-784412472e3d,Sterling
512bc0d3-dd51-4f89-abbf-707a4df6589b,Leesburg
b6a97ed8-1ef8-45e5-96b0-5861bcf9af26,Ashburn
bbdec152-df4d-4177-8bb0-a847bde4a0f2,Lynchburg
ad436ca0-17b1-4c27-9b4f-e6ba34575a70,Lynden
341c5ac6-1187-441c-95fe-3a3e7608b7d9,Mableton
ef13cb63-d4c4-487f-b5a9-655400168a48,Winterset
0e5076c3-967a-42c4-b9ee-c6c8a3c12d8f,Madras 
70feadde-6680-4299-8e66-58fb35f290ee,DeFuniak Springs
52a5cb39-3d6e-45bd-9f4b-77e3bfbdcfc8,Dyersburg
0d1a46ad-7cf2-4ea9-85e4-6cbbc516aa54,Placerville
67e4a6ce-9cf0-4760-a550-693895e67464,Chanute
06bd295d-d119-48be-a055-d391d742f75b,Honesdale
c03012fb-8215-4825-a438-73d36f97b47c,Murfreesboro
646f4fbb-49ad-4318-a326-4518c717ba38,Wadsworth
28589cd9-d81d-4909-b4ef-6c3cc024ece2,Liberytville 
63bb1261-ef48-458a-952a-4363d5889dad,Manchester
72905ca4-8f77-4d88-8839-92786c080557,Manistee 
b91a5b16-212c-46d4-a1f7-40d7d44f9f70,Manistique
5ea1715f-f0ce-4657-ae86-2388fd580856,Mansfield
13ca3b7f-e511-47ab-8ff1-cb40611b0baf,Manson
6fa61235-c27a-4cdb-ab56-f0dc0681614e,Nehalem 
abed2384-598f-4cf2-b0a2-66d3df1b7e91,Maple Valley
6a72422f-6d09-43e6-9467-3ce2d9e43354,MARIETTA
ad954b66-950f-46cd-ae3b-a17c43b8b69f,Marinette 
a6101b2b-fac7-44ca-b743-12bd3028d591,Marion 
d6120c01-c0f2-4a58-8f5d-b8f3191d7dc7,Orland Park
e5d56184-d199-4882-a819-0336d87179f5,Myrtle Beach 
2afb4e77-13ba-43e7-8535-61a941cd6d31,Mobile
71d66b56-93a6-40a2-8279-8811660d6089,Oshkosh
5c9f1bf4-dd77-44c6-8ffe-42e807191ffd,Gary
675d3923-37c5-4b27-a22b-0749f5156a6f,Green Bay 
08c7238e-3e3b-4f7f-bdd2-44e597b827c6,Whitehall
43a3592f-596a-4644-b5bd-142a16b449e0,Broken Bow 
45fcc214-ac41-42fe-941c-363d9528a7f4,Marksville
22b70237-5fa3-4408-8458-031447d8f22c,Marlette
99161af8-7668-49bd-913d-a81ec81dfb74,Benton
729938f0-1d10-4e14-9d4f-2666dd527564,Marshfield
5d61c948-d367-4f59-9a64-654dd38b46a9,Williamston
5d7bcc92-70dc-4cf7-bbd2-62299a0d76b7,Maryville 
1bf4fe30-9a4b-4f56-86da-431b350bc212,Maryville
ad3556a6-8f52-4203-ba0f-f4661f148922,Maysville
f2599e7c-55c0-4187-b020-a6f07a9c7cfd,Mason
5344cbe2-f954-4eb1-9fab-777994c5c670,Mattapan
dd500870-52b0-4717-b926-749399377e5a,South Bend
9e6612da-da0b-4451-a6dd-48b8ffe8837f,Mauldin
421ad4ac-2d06-4bee-b41f-eda4896a941f,mauston
8023359c-ec9e-4c5d-bf6f-5c49c1cf3060,Stearns
0e1e85e8-c226-4e62-853d-6507a2bfc115,McKinleyville
8c63d3b5-7ae9-4ec3-86e9-d5ab03fe1e1c,McLean
a8a5604c-95a9-4f11-bd2a-022e66cbb551,Brandenburg 
564f36e5-f406-4a25-ab38-cc7b29988087,Medford
86c050a4-b46e-4e7e-a403-8eaa6695a459,Media
8867db04-19da-473d-9d48-5a6509c07be7,Kyle 
cb995351-d027-4036-898a-4120bdb38e2c,medina
f71d3964-1599-4af3-b126-31eee953ee9e,Pomeroy
5ae9c014-67ce-48e5-873c-f2281812e088,Frenchburg
46355652-a4b5-4dc2-acdb-a9db4d1f8a92,Menlo Park
e87f24bd-eb38-4370-96ca-9076cb2b94f5,Menominee
e7127f74-3e67-408e-b7da-b1154b4e97f0,Merchantville
4bd2e22a-e8d9-4fc0-a8d8-3448a5177b4e,Meridian
c3b44c87-e219-4a8b-9470-add6e775032d,METUCHEN
20cbd55e-f8e3-4320-90c8-4439c55699b2,Peru
6f4f00e4-4899-432e-85eb-878518642038,Oxford
5ace1f4b-25bb-4708-91cb-594bff553fde,Middlebury
eab9a61e-5415-4bbc-bcbd-1d824b498a91,Middletown
86426bbe-ca3e-4838-a310-7c3877c4151f,Midland
6310e299-f0bc-43d7-87c9-0eb0cf6fe6a6,University City
26ecdc59-cd84-4007-820a-e9fdd6810302,Miles City
50ab4339-bfe1-4c04-a801-3de32da62bc6,Milford
82d7ca87-dbcf-4855-b979-11563d6e9c29,Mililani  
f589d5eb-848e-4a19-8414-2b7925c08712,Rockville
b211ef9d-760b-4b07-bb35-a9be57dafe69,Minneapolis
43a6f3ab-9bb5-4510-bab7-42ba9a5e88ab,Millen 
7fbe599c-8559-4aa5-bfeb-2c90b40b9c4a,Milton
cb67ef32-308d-48ca-a727-74de08eea989,Mineola
ffdd88bd-aa5a-4aca-b206-2110ca1e9911,Muncie 
16889676-2669-4460-aa2c-a9215b9ecebb,Minturn
dd17e1a6-84dd-4451-a391-d2c06039e60d,Mission
75133bf2-99a2-4c45-9e94-cd74314e7385,Missoula 
1b906269-f01f-4eac-a504-52921bbbed2a,Topeka
71b801ac-bbf3-45f6-9ddc-fc3956e61418,Monroe
7a06658c-645b-4af9-a9da-1fbf5f1c3871,Oakland
d2671c04-efc7-4098-8a61-f832e1b436de,MONTEVALLO
9ecb316b-d0a0-4953-b2a5-54419aa4efff,Mt. Sterling
2aa34e14-514a-46be-b8ba-33569d52b8bc,Monticello
d87e594f-6c06-42e9-be12-cfb76476f811,Montour Falls
df097c82-91a8-4fb6-a998-e3233dac1378,Montrose 
d4b14142-8675-4c1f-8762-ad2c76ce9f5b,Shawnee
7a757481-a997-4df1-8c66-7a28c840db3b,McConnelsville
a4b9aa41-a058-4269-a8a7-751668d8ca6b,Martinsville 
2ebb5d8a-6ce8-438c-aee2-cabeeaed4785,Mooresville 
04969315-c171-4e58-83fa-25efc022a692,Martinsville
375ea7f1-7bad-4508-b9ab-2fe9c57ae787,Morganton
202458b7-e1c0-4ed9-aa98-b55e69106981,Atlanta 
9ca7845b-d221-4e2b-9c8c-0633c834b7a8,Morristown
bc0201a5-850b-4226-8d99-72a7a77e1b70,Morro Bay
e1644337-f4e9-4bf8-81e9-19d0f256c2a8,Moscow
2a0493cd-de14-4455-a689-397f83178939,City
2e022d93-8406-4906-bbc2-c378b7605e1f,Mount Carroll 
57fde2fb-80f7-4666-800d-15cbc7dc7f52,Bristol
0b45c9f6-2a4c-42a1-a749-322e64aac12c,Mount Pleasant
c9e1cf7e-7b24-4d2d-82a6-9ec6a8b94d37,Mt.Washington
0196683f-c824-4132-9aff-a24b5e647461,Macon
61617102-6ed6-4d75-85a3-f65774603276,Anchorage
630dce6d-e788-4e77-906e-179cd9853d61,Muncie
335994d2-d66c-451d-b434-323ef64ec683,Munising
aabe7f5a-089a-4429-98ff-680b56668d28,Murrysville
b22d6c31-cdea-4233-b3c4-7fb53353dc71,Palmer
541cbfc6-ef29-4dc8-87ba-69917834f84a,Myersville
acc22736-a61b-4077-a482-e7a21d499286,Napa
516058d0-dd12-417a-9067-1146977468e0,Narrowsburg
65269650-d123-4095-aa00-9e94e0301a98,Rocky Mount
21f6cd8a-76bc-4282-a503-576ecbfdcf04,Natick
b03f6393-7a08-4fee-873b-773610126f9e,Nederland 
1f11e38f-867b-4840-8090-e27c8acf676b,Needham
c3760441-51a3-4afb-a65f-898d212d271b,Downtown Neosho
e114f4b9-7833-4922-8477-94427f3a4315,Netcong
807496bd-e2c5-4307-b633-966e5e7ee460,New Baltimore
a37e219c-84db-4ae0-ba55-e337975a5356,New Bedford 
7a3238a2-34b4-4475-8c7c-dc2b51c3d9f3,New Bedford
18cccedd-e079-4fe6-9763-17e0ac658987,New Era
d409e1ac-8537-48c8-b446-311993e5cec4,New Glarus
849458f6-ff76-4883-b9cd-5d3cd898ba21,Grand Island
0ffff260-10b4-40a7-9a8f-be596664863b,New Harmony
61b362ae-90c3-4f46-9185-eb65d4f7eb07,Mechanicsville
abb3d477-5442-4153-8e1e-ee05ac396630,Newcastle
f6e6b055-edf6-417d-9fa9-47d617a20e71,Newmarket 
3be0c2fb-5310-4f27-bd9a-50be797b0ebb,Newport Beach 
6a2c497d-4b27-4296-a646-4f938a5237d7,Nicholasville 
f40998e9-6573-41d8-9f8a-8e58faaee45e,Stanton 
2e9b1629-facc-46e3-93f9-35f657c5d1b2,North Branch
902adddd-45b4-4751-8920-f8f4b1579e2f,North Canton
5c38e86b-3ed8-4bd6-843f-8c2a1b07a8d8, North Creek
50fc5905-0169-4832-9a67-f07be22aa302, Mansfield 
23f4e870-fbca-4456-bd81-2285e1f14758,Mason City
cd849ad0-08e7-4cbe-bc85-43f3fdad8138,North Myrtle Beach
ffe5de4c-31e7-4c8d-bbd2-a9463b67daeb,Minot
b7782300-a169-4917-9b70-c64afd0c95c1,Chambersburg
bc807bca-e1f3-4eec-bf57-8b4beef8ed63,Charlotte Hall
0c2a18db-a301-4e4d-bc61-a7a840e4455e,Northampton 
c62956a8-7021-431f-92ff-5b6b3e86d2fc,Northbrook
e0f99bf7-4358-40a1-a1b5-794a57f3868a,Colville
2e1f8a97-4496-4b41-93bf-cf3c7385f9c6,Northport
1a0be227-b078-4988-bd01-1789ccb410fc,northridge
9340a65e-f715-47f1-8455-54536e35825c,Cincinnati 
240e3008-0402-4d07-899e-59fc69eccf8f,Northville
1934cff9-f466-44a6-88a2-757dde2bf744,Norwich
6813f483-5213-4c8e-a387-bf71b4a2f68b,Vienna
39b9a6d2-428f-42a3-b73f-c31a0948d85c,Nutley
2753bcab-12ff-4325-b6be-e2fc786c56ae,Oak Creek 
587b8de0-0ef6-4914-955c-60a65fee81db,RICHFIELD
18dba704-7d50-4b49-9656-018871d179d3,Oakton
e25216f2-b9e4-4646-b32b-c7dbe71d355f,Brighton
ac1ce1ec-138e-4824-b914-b0c5307f0701,Capitol Heights
6a3db724-0681-406b-ad22-a556caf68dad,Decatur 
4279aec6-6ae5-40c6-b32a-cf37c1fb95da,Ocean City
b5f4a102-4fb0-4db4-8f19-e25634677e45,Ocean Pines 
1992e42c-0fbb-4c5f-8e83-19f3a15df1f2,Bellaire
84f9d442-96c6-43dd-840d-06ce5d92dab8,St. Clairsville 
ded72d8c-6d0a-4274-a44d-38338b34506d,Springfield 
b5ce42ad-6bac-43d2-aaf8-7bc5d0d0798e,Beaufort
68bcd95f-bd4c-432d-b4ea-87b1dc7caa5e,Pickerington
05888c43-86ca-4f77-9175-cdd84c04bb16,Olympia
b04cd424-ee08-4bc0-9d05-4f1f85aae791,Omaha
364b02c5-b53b-4fd3-ad08-235c7a9447e6,St Louis
ab7667d0-67c0-42de-8a74-ecca0533e3a4,Oneida
45c32a0d-4a14-4ccd-85f7-373e1a9edd1b,Jacksonville
e3bda958-77a0-4df1-ab3d-4633bc7a4b34,Orange 
ff72de72-50be-442c-a0b5-f8d2656874c1,Orange Park
15262371-caf5-4c00-8297-76366c5abb40,Oregon City
188fec7a-3238-40ec-87dd-2bfa40b7bb92,Merced
026ea2a5-824d-4e80-8fc3-52b73868d0a9,Orinda 
15a121d4-9443-496e-931e-b0bb261949ef,Ormond Beach
4ffcd5ff-c974-41f2-80f3-e6f42cd3dde4,Orofino
a42769c0-cc5e-4394-9f1c-9ce5ee7222d4,Oswego
ff457d98-0081-47e1-ae95-6b369343a6a9,Overbrook
e6353594-48bc-4f65-a6ab-42cd8d5a21c2,Ovid
fc3b9a4a-c15c-4165-ae05-e38fa9faa043,Spencer
5667ccfd-d64b-4cef-a1e1-f25ef6b3ef1a,Oxnard
3d85bf2b-00f2-4b63-87f6-81d20504d57d,Pacific City
f21e3825-4436-495d-868c-6b2dba21e9e8,Paducah
c19383d4-23c4-4b51-a4b1-f933fd167d5e,Pahrump 
6a08705a-0572-4efd-8fcd-45945b71412b,Watsonville
65bf8fcf-551b-4093-9a80-eb07daab8526,Palisades
ec148045-c385-4eba-8432-cd020fd63ff8,Humacao
a39f3694-feb1-4433-bdbd-c547dd562dcf,Palos Heights 
0be8906c-f08d-4685-8c20-4ae657d8d5f2,Rolling Hills Estates 
84d9f40e-a6a5-4925-9d49-38286cf910cd,Paola 
48e66f29-4b81-42f3-9a9f-be55d9250169,"Paragould, AR"
7bf7f782-bf32-4bce-a439-4d4a9fa54994,Parkville
65db0cbe-09c9-4768-a5aa-5a7e0ed04495,Oklahoma City
98cbbbc9-4388-4561-be6b-ac3b601256d2,Spring Run
c0c5807a-d00f-429d-8f7b-9aae2c1e30f7,Pawling
fc90da6b-537a-4900-ab26-a0a6d18551eb,Pawtucket
92d56213-591c-4168-9b8c-f7719383ed8e,Cranston 
54f54c52-e007-4009-84a9-ca98e646ca00,Payette 
9ea4a530-7ce1-410a-a193-d60f66060945,Payson
57d4a30c-2925-4eea-ba3a-fb4a061033c6,Port Clinton 
3469caf2-9669-486f-a96e-fe1ce2869f65,Sonora
a791f232-64f5-4670-b92e-c66551e5ac30,Angleton 
aed13162-9569-4bd1-9f8c-937acd76ba38,Peacham
3ef45ef2-6dad-467e-8d43-f9108d13f958,Spicewood
967754a6-ad5d-46cd-bb20-1408514ecc86,Falmouth
bb255b5c-f01c-4944-8748-522ca65318a6,Pendleton 
7e16b222-a57c-4fd7-9e76-6e5d2f373888,Pennington
b6ce77bb-99f2-4130-87c3-102debb6f5b6,Perryville
e94e653e-33ab-45db-bad9-ff6cbb682fa0,Perry
b81f1faa-e10f-4a0c-84c9-f55e314b3cea,Petaluma 
27b357e9-ccb2-4fa0-aa0b-cdeffa686f0d,Petersham
aefb4893-96c0-48b0-8ca5-5d873b773f1f,Pfafftown
dc85d082-1234-45ac-b06f-3809722e95cf,Pflugerville
d4a1ae9c-35d1-46a6-ad7c-d23ea3e790f7,Phelan
16cc7e70-d264-4503-b82f-c70a47727cbb,Village of Philmont
63127d83-91ee-4f57-827a-8a534e8d9b55,Louisville
86eee7e4-0891-4208-a88d-5ae704c08e39,Colfax
35dbf224-7f59-485c-93fc-04dbeb1d3c4e,North Potomac
cf2dbeaa-e35b-47c1-8b34-78157f5e13dd,Pikeville
73d78b78-a1ae-49c9-8f29-2457c2291c1d,Pine City
c7231c68-acab-4533-aa8f-60365fd9ffb2,Pinecrest
d97bc845-9ed4-46fd-8fcc-e0c511d4eb53,Pittsburg
c7fbb538-8055-439f-ba2e-5b911376d7a2,McAlester 
e384d95f-4d44-4c3f-84d4-421e4d979a03,Ann Arbor
f9e8ff53-9a3c-435d-8fe6-4302ba398e9d,Hale
875cd459-fb09-4526-864c-81ed5f0a6df6,Plainview 
22728ee4-c272-42bb-af71-d0b277d975e3,Plainwell 
4466de42-9f09-4f48-94c2-9f6a888ce7e7,Plainwell
fe655ce0-894c-497b-b40a-2bec5211e000,Collbran
540d7171-c3db-4922-8249-facd884f375c,Platteville
f9501fe4-d00f-4bf0-85ef-b06e4ba23e33,Plattsmouth 
ecc48249-f14e-4a0d-b4d7-a64db08079a2,Playa Vista
1c0f5ddb-56bb-4241-9c1c-b6e397d0d9d7,St. Marys
f06e5868-f7e3-4bcc-9d56-8e954134161c,Pleasantville
50f6b44b-9b2f-4f00-a0bb-a3d9c2e4a1c4,Poestenkill
a20fae5b-e541-42e4-ba46-eead1da1027e,Waianae
7abd2279-b5d5-420a-ac47-9f0f11c0c051,Pontiac
9c57f421-978d-46fa-9f73-e7220d58e476,Port Chester
ebc6fb55-9806-4004-8280-9f9abefa7a12,Port Sanilac
0db05ba9-15a7-4f83-9d18-8cb8032ec3c2,PORT TOWNSEND
16040eb8-3050-423a-a0fb-7dd24abbbd51,Portland 
8e05f435-86c9-4593-ab95-195b61b5bfb5,Portsmouth
9aa3b6e0-fb1a-444e-93ac-be2199c09493,Sun Prairie
d9f1bcae-67b9-4efe-8387-2ec198f0e530,Galloway
e17795ca-1086-488a-8ae2-d23b4954e576,Prescott 
6d1303d5-dd7b-4a80-a59b-516f195ea05e,Philadelphia 
6c45370f-d4dc-494c-b2c3-67466f0a3241,Price
0155e363-626b-48f2-9e7f-eda7fb4cf8f6,Prince George
27899e32-340a-4aec-b6d2-9461eb0d198b,Prospect 
15437e21-4008-4a5f-9bad-68ef06082e16,San Felipe Pueblo 
1c81a613-096c-4f46-91c0-2abe98b87be1,Pullman
927b367f-7dfc-4fb1-9c04-239ffa260dc7,Purcellville
2dbb9c85-2287-4789-bb9f-95bea8792ad1,Hurricane
31743d6d-8e33-4396-8f06-17be6fb89dba,Puyallup
b09ce197-9d9d-450d-9a48-4e124cf13482,Rock Island
56ab112e-a6f1-400a-a7bf-aa5e60a58142,Quapaw
1e92fcf5-d4ae-48b6-9a82-899da5deb128,Quincy
4747ec9c-3e98-4a22-89a4-e80035bd2ef9,QUINCY
fbe2495c-99c7-46a2-b083-7844936542fe,Albuquerque
7031119b-aec4-4268-82c8-9f8160a1d4e1,Wedowee 
20448ccd-4d06-4cd9-a2f8-a00a530a49d9,Pocahontas 
3c223601-5c36-4274-8ec5-b347cca5720c,Beverly
aca378af-3eae-41f4-a20e-2d24f39d7d7d,Red Lodge
6df75e3d-bbd9-4622-9647-f89ff25d2886,Red Oak
ac9bdbd5-74aa-43e6-a002-e8d12ad3680d,Baton Rouge
dd441774-0e8c-41fa-80f4-c831f1bbd338,Homestead
4f1278a2-eac2-4e4e-a93b-66bf14ea60b3,Redlands
7a0d2d98-9a16-4579-a6f2-25e20de6eff7,Reedsburg
fba2180c-a55a-460e-8e60-03ce659a8d30,Reidsville
038ecfc9-fa0a-4c2b-927b-fd7d8d479a9c,Reisterstown
1c67c52d-9418-45c8-a0c1-100a59c15361,Rensselaer
a0be09b8-02e6-4685-8deb-3f22bfd995f9,Reston 
09840beb-88da-402d-b9a0-36206b46ec3c,Rexburg
c5d0ab31-4231-4a6c-9cab-526a312fe940,Ridgeway
3a1ec37e-5a47-4276-8d7b-45b0afb5dff4,Orangeburg
e6820573-e9ef-4473-a5df-1c48609aadee,Denmark
8dcfb3ff-59ed-4edc-ae64-6c291cb2ebc9,Rindge
f3125826-314a-4521-bf54-dbd827d13e85,Petersburg 
66d5f810-dd1d-4de7-9a9e-8ecc3873e7f3,Hardin
d682be63-9bb4-4789-87cf-ab0258013dac,Riverdale Park
fc6dd76f-e70b-482f-8b06-c47bd74c55b1,Wilmington
ac0f4236-0d00-4946-8d10-ed6ef8b2bb35,indianapolis
a08a20fe-b095-4e9a-bbf6-bdc46d8074a6,Kenner
bd9216bd-d793-4f42-9a9d-0165077c763b,Rock Valley
0dbd6012-c11d-44cf-b25d-9f1c37e426ec,Rockford
4758a58b-d5d6-43cb-8c9d-98168afad106,Rockmart
abb2023b-40b6-41c4-bf53-a8e197cfe96d,Choteau
35fde000-c151-48ad-82c2-05431218480f,Rogers 
145bc821-19db-4386-b998-3fb04f5a31a3,Rogersville
81f5d5e8-0777-4dba-86ed-ac982d667671,Rohnert Park 
b43498c4-23a2-42fd-9880-ee6f57ac4666,Rolling Meadows
cd0c1bdd-fe0d-4908-9d90-57f6b84a2557,Ronan
76bd4349-ee7d-4ea8-a15d-3f1d4d4ed18c,Roosevelt
f8017f3b-7d48-4786-899c-4d3bb4cfec3f,Charlotte 
70f04fa3-d944-44f0-b83b-f66b18bab575,Tyler
e1e29aac-ee83-483e-9ade-84fc1c85f830,Roslindale
a55d6ed0-7ce6-419d-9c68-2be6311997de,Round Rock
aaf2af6e-ef1c-4b22-801d-d063b3557f0a,LOMPOC
bdd5f702-95fb-4b36-a0c5-a5d2f14a5d68,Waipahu
8496d922-3f2a-4d42-bbd8-4364335b3c4a,Ruther Glen
55cbdc3d-f910-4c4f-bdcb-92218c333291,Running Springs
d16cf499-def0-4ada-8f3c-b3f1622ba4e4,Ladysmith
29cb3181-4a9a-42b2-b167-0bfde788e294,Guerneville 
036b563d-611e-4fff-99fb-0f518272ce33,Russiaville
dc67c375-8824-4ef3-8d96-31646df80cd3,Ruston
75a0d368-f7ac-439e-ac3b-73e3c05b5c48,Afton
3c74dabd-fb55-40b5-a050-992486f32b0f,Saint Paris
eaad8229-7c13-40a2-b43a-2b0d820dac36,Salamanca
cbb05d23-d617-4393-8972-91f331c86589,Salem
be5497d2-35b5-4cf2-9b5c-13d36a181208,Salinas
f541c8e9-9774-4722-9356-d290e060f37c,Saline
c34203dd-baf4-4e90-a168-9e06e145ddba,Salisbury
90b808e0-15dd-4895-af84-fa21cfd25454,Sanford
b4dc15ed-4ab2-4fed-a3c9-cd23643a004c,Santa Clara
e2fa427f-f5ec-4a4e-8b6c-05f2172e6e99,Santa Rosa 
1d51c08d-d64f-4ffc-abd1-a550db458105,Santa Rosa
eb0ccc13-c0a8-4f0b-9882-f9b033c8dd35,Pace
0d395cd1-c16d-429d-93c0-7042c0bdc714,Traverse City
e0b7fdf9-253f-4a92-90a4-0c77b8e29565,Pine Bluff 
a65290a3-cf29-4122-8c0e-e81a78247f08,Saranac Lake
bbffe3e4-4576-4d13-81f8-de3b7fc2ec80,Finley
26f67579-f931-4312-9099-b0d4b118b08d,Saugerties
7d0b3c04-6232-4678-a594-36d639fbce62,Scituate
5686fe55-6a34-4f91-af72-e831ec14ad62,North Scituate
acccf489-b375-47e7-bf14-d1fb31ba5a94,Scotch Plains
5c469577-3695-4b29-979c-120c1aaf83f8,Scotland
3af5729b-043e-443f-8a66-25b7b9f79fff,Scottsville
3cb91b1a-918e-424c-8994-2675a0053eb5,Rollinsford
8d68f098-157e-48b6-ba24-b32f61497422,Sealy 
332790f9-e710-4f7b-95a8-3fc2abe3d797,Marshall
f5c01c26-5edc-4a27-9e5c-205440da1b31,Seaside
b6f0de65-6fe6-4a58-b7ca-eb698772b468,Wanchese
92da4ec5-cdec-483c-92c1-90c762753562,"Sedalia, MO"
46a60bab-e0b2-435d-9f20-12c02cfc16ae,Winston-Salem 
5e3b0a83-a4dc-4576-b330-8311513ea29f,Seneca Falls
cecfc9c0-bdba-4aa3-b718-484c4c1074fa,De Queen
3f060d11-a2bf-4f6d-8644-69e66b909b18,Seward
7a8070da-ab7d-4b6d-be02-6cb5aa6641ef,Shallotte
7b8050fa-13ae-4646-812a-8e0e54c96d62,Shawano
4d66a253-4920-4f59-b865-14b4f66da9ef,Harlan
1f6a8575-db56-496d-ab34-1a1f9452c8e3,SHELBYVILLE
433d4474-2fc9-4179-956a-76bfd90e82d4,Shepherdsville 
c47824c1-6ef2-46b4-b10a-2d744d0fba3c,Dayton 
6d8134f0-1ff2-4da1-8e78-7f591feb6ec1,Shoreline
0ab5edaa-9911-4aa1-a0ac-b8361a1a88e6,Shorewood
80a0d41f-3586-42d4-879f-6fe9152b1309,Shreveport
884ac198-8205-4236-8df1-9341c6a9e9fe,Siloam Springs 
7b7866e9-ab22-46d2-a42e-f04c4f88ba91,Silver City
bdbb1885-9d8b-4894-b01a-9844bc9a01b7,Kellogg
0bdd7fe0-9de5-4353-853a-da0baa2ef730,Silverdale 
ff797e63-eedf-4d41-b5d8-9d049bf4b813,Simi Valley
e42d594a-8aa8-4322-85ff-f77fb225034d,Sioux City
d8761dfc-945d-411a-873a-aee08a07e250,Sitka
fbe753fe-fdd6-489e-88ff-8ffa1a90a56d,Deming
45a58d11-0f36-44f5-b95b-909751f27166,Slippery Rock
fb7885d0-bcba-4d1a-8a75-9b839d5b2c5b,San Luis Obispo
96da3591-4af1-4434-9e03-965d368f6064,Carthage
2e5de06a-6d03-49b2-89aa-931c742153aa,Santa paula
5be98a4f-3bf0-4465-98f8-70e481e8f80f,Costa Mesa
6d278d24-a7c5-4a38-97f0-7b0ea71d943e,sodus
0898ad7c-5344-4350-95bb-b7345652715c,Bowling Green
466120a8-1322-4b68-b35a-b7867445c8f3,Solana Beach
08ab8d02-a5f8-4005-b184-2b4d14f7f573,Somerset
49379811-b23e-4550-a714-b252e3f4c6ac,Somerville
6b4d5b63-ff66-4638-93dd-ffd25877ff12,Berkeley 
29c86414-46fb-4682-a73e-fb6bb2de5927,Naples
f6cc1796-70f0-4e7f-8419-453ef72d7023,Sewanee 
c9d209b4-dd10-48dd-a53a-788b119b948f,South Hill
63910dc1-7a1e-43f2-9e07-c31ecfa60132,Wakefield
f085e5a8-e29e-4df6-bfff-6102db81445a,South Lake Tahoe 
6caad838-eb83-432b-9f8b-d60d88455a59,South Lyon 
37b4c836-d2bb-4bff-971e-113727b9086e,South Milwaukee 
7c33e94e-8eb9-48e8-965b-b2c4e1df3fdb,SOUTH ORANGE
0905ea24-a772-47a2-b66b-3629ea7f29e8,St. Joseph 
c6dfe58d-177f-452d-855a-a2c0212a7adf,South Windsor
a4fba02d-3fd2-491d-9886-3bd808252585,Olean
9c017da8-4957-46ac-9390-8bff1284b0f6,sturtevant
afd95df5-0806-4730-8df5-d9bf65c3f1ba,Littleton 
ed0e094f-1bd8-46f9-affe-490f4c78b81f,Hillsville
46b9d933-5514-4b43-9f48-2ac8769ad49a,Detroit
8633c060-e062-407d-8361-95b3a44f4628,Walsenburg
8414a1ff-eb1d-4ba8-a116-b81635a4c284,Sparks
a0f7c300-4e26-43a3-beb9-72f4d1ef4e7f,Speedway
18de3cd4-e6ed-49f0-89ba-0e57a06396ad,Spotsylvania
ff326be8-9290-4aa1-87cb-93e36f0a382c,Fredericksburg
883207e9-4810-4d6e-a745-7f3acab64eb7,Springdale 
6063deb1-bc95-4ecb-9643-b6dec92fcb13,Batesville
3bd1d950-b92f-4d2f-b4b6-94922ffdc75a,St. John
e5c9f816-d51e-457c-a70a-a7138b836efc,St. Louis
90267600-7378-4544-9ded-0708b001ef9b,St. Maries
cc1d1d27-2d91-47c5-8220-0b7382f80115,St. Michaels
92eeeffd-efbb-4e14-bf9b-4e01e73d7ca5,Lakeville
b5036351-2515-4372-8747-8c0a15cca180,St Petersburg
0e68b5cd-70b1-4374-8b2e-14e266ed3cf8,Tucson
bd4c0d8d-86ba-4a81-bb85-1420c370d49e,Stafford Springs
c24f096e-ec97-4548-9540-e9ccab0a1874,Albemarle 
0fcf6bd5-95e3-4c00-a8aa-fe61474ad0d5,Stayton 
de326ab7-a00b-4887-b251-b9dee85f30c7,Shippensburg
587f2e8e-9923-49bd-b6cf-116dd3d6c3e4,Steelville
9edacfbc-d88b-42f3-8d19-6678974a2a0c,Murfreesboro 
ad084f68-5570-4f02-a991-10436b33c61d,Stow
c32683a7-00f7-41fe-9341-f118ec92831f,Stowe
126bdf69-e96e-417f-bfa8-665469e9a29a,Suffolk
ef9fbe5c-e746-4c64-a426-aafd3c9e00ec,Sumter
86c6e956-ca96-4450-ab5e-ff52a693f65f,Timnath
fe6a97b5-f4cb-48a4-8c90-eedda0a0e7b1,sunland park
16e65db5-4059-4f2e-a1e8-d3bce70292fc,Sunnyvale
baa76304-9089-4e0f-ae2b-e21289d11edc,Superior
31152dac-6d2c-485a-a706-ed6b749de08f,Surfside Beach
55a9677a-a8f0-4e30-9a70-8a589fb175e6,Cape Coral 
c2cfda0c-a262-46bf-ae79-fcd0bd92807f,Cedarville
3058b067-be5d-4b98-9709-75072274ea67,Austin
1e73e1f2-d7a9-4978-84a8-f7707cbb96a0,Suttons Bay
1a77b1b7-a751-41c2-a003-6f927e816ad7,Suwanee
860469ac-7dce-433d-bdfd-e91e295dd2fe,Swarthmore
b8f6f27a-1420-4df3-99f4-c6346debb70a,Tampa
adedf7e7-94c8-4df8-9563-3dbbc6fae140,Tahoe City
535dd41b-9ac0-4655-820e-b29670a08d60,RENO
38a1f301-ed9f-471f-b601-d38a183c706c,Taos 
610b97a5-aaa2-4d6f-91f2-645d3a63b8f6,Taylorsville
2ac52909-6beb-40f2-b08a-26c0a586b744,Jaffrey 
2410f021-933d-4a75-b759-307bf3facb57,Telluride
24c542d5-aecc-4969-9a3a-95c5e8b44850,Temple Terrace
393c41b7-c7dc-4939-8a8f-aa1c5c54c6f6,Tenino
c86ad678-a645-4f8c-88bc-ddab5efbc625,Hudsonville
69a7f2a9-6563-42d1-b3d2-f0ae30d038ee,Terre Haute
8733b527-6c9a-4b92-8bcb-15eaa211f5f7,Cedar Park
f96d3e81-4bba-419f-9819-1f38453a1b30,"Austin, TX"
71d880d1-1397-4b19-a254-c2b7ce85b709,Cullowhee 
9c84f023-65b8-43d5-b045-b295a2af3f50,Old Orchard Beach 
6b8943b6-d304-4374-b41a-9968be1826b9,Berlin 
174076df-0820-47f0-8e93-40b1e7155ac0,LANCASTER
bffef1a5-5e76-4982-8c95-4d4d6044cf90,Greensboro
897ef6c4-63c5-46d7-af11-409befa2e9ce,cornwall n.y.
30751445-17f7-4c21-952e-7a641b339520,Creede
7a81f914-581a-45b9-b96b-64bfeaf3c5a5,Louisville/Jefferson County metro government (balance)
f43d83dc-104f-4773-bdcd-dd017f72a0fe,Fairfield
b77c99a4-d67e-43a3-9640-5bfd98b92729,College Park 
2d370ea3-ca5d-427e-bcc8-b7570383b8ca,Lyme
812482fe-16d4-4185-97ab-99e7cf78a8a0,Allamuchy
a566f166-4779-4c4e-9c52-99425f333919,Indian Shores
ccff80eb-9e38-41e3-bd82-9c28b830c593,Long Valley
d78a80e1-53c0-4132-a98f-dd9b108692c7,Amherst
5e4a8f75-59ce-46d4-b122-a9c29537cc8f,Green Lake
d3ebfc9a-efd2-4b77-be87-a1c2a960b430,"Petersburg, AK"
f8372cc0-2f20-45bd-b9db-2898b6b45684,Birmingham
d973db51-4d71-4150-ade1-c1ccac52cf40,Glen Rock
a6e5af28-e837-47f0-addc-f622e18a05c2,Orange
6e4748fa-245b-4b08-b427-9f84b8c6ae69,Westminster 
e8f30eae-19fe-469c-8cc4-c64a6debead7,Gresham 
60c71452-0631-4727-aeea-d566f8bb150c,Bloomington 
beb142f3-6de4-4cf4-ac75-c9eed9762e02,Boyes Hot Springs 
944a8362-5faf-4aff-a5f0-2f1c378b54c5,St.james
47e5cf94-392f-43a4-a5e9-5eeac4b02099,Little Falls
f779a561-d308-49a6-b486-f45955195e2f,Reno 
0ce33c99-f0fc-48f2-8473-695e2a0197c2,Londonderry
0e17be4f-f3e8-4178-89b7-e4a189406a4d,Woodland 
ac8392b5-ef85-48cb-98ea-004d4bb0bd93,Woodland
37ce1de9-994f-4fff-b8e9-aec627980070,Thief River Falls 
ea6ec058-78be-46f0-9136-302730110c72,San Rafael 
93598af0-6fa5-4536-ab3c-48adf83cfa7f,Tigard 
220eec8a-7aab-4116-9dbc-216f923a6376,Titusville
8147b143-7e86-4df7-affd-323d013e782e,"Tiverton, RI"
f3c50f4b-d9e7-455f-9246-9b1316cced86,"Tontitown, AR"
72f34bea-dcae-4c4b-85a6-c3f781a319c5,Torrington 
71186013-049c-4480-af4e-1cdef7db1bff,Wauwatosa
d2bb840e-488a-4856-8cab-dce323420fa6,Wadley
e8292e5b-3222-44bc-a8dd-9938da0e21c9,West Townshend
083f89dc-371b-4f5d-9421-a3f1d5c4ce55,Travelers Rest
7bfdabac-6dba-4808-b0ce-efb1be90fc78,DuBois
2406e84e-4457-49b3-a7d1-dc9f33a59b58,Cleveland
1a4537c7-5ebe-4103-a412-817554cbc741,Trout Creek
313727d4-5e68-4e1a-9805-aac4a9fb1f3f,Troy
a73b9859-7b4e-4420-9e67-e3768d1276f7,Meridianville
cc2d47d7-e394-48fe-a7f5-c603cf547034,Lakeport
804f40d2-f1c7-47b5-8fa1-f55488b9aae8,Tupelo
e6e38849-fbef-4605-b3a7-116c27ebd6cd,Tuscaloosa
3f437f16-9ffa-46b9-932e-762d61903b11,Twin Bridges 
c216e2c9-0d99-45f6-a0aa-41036f76268e,Sterling IL
a578097a-9b2c-4f00-9909-775f9fae4da0,Two Rivers
a31bb75f-4517-4f6d-a47f-765418d717a7,Union 
6e62f3eb-9906-46cf-bd85-0b14b8ed2655,Blairsville
f1f99ea0-94c5-4833-9519-3d0148c8ad75,Maynardville
a9da6989-13f9-4a88-afd7-cf9a6bf85567,Union
99ad1e10-212b-4303-b148-cfe00adadc64,Gainesville 
08d4fb5b-46e9-4bca-b3c2-5ae812517072,Upper Arlington
6bb015c7-dd6c-46d7-9786-77f75498bd87,Greenwood
27f06e44-11c5-4184-8ea0-4afeaec3d149,Westerville
7619891a-f040-423c-9594-5d90a8949dbd,Urbana
5175e040-c433-4997-9de8-af3b508556ff,Frederick
d0af924b-0519-4e9b-81e3-49c88b21f547,Utica
4330e3de-90af-44f7-9285-95f129d9eda8,Naples 
d4dd86bb-df41-4488-8f89-f5cfdc7990c8,Vashon
5a93f043-10d6-45ce-9984-2702ee277666,Vermillion
1ed69efe-2df1-4755-ba85-78e07f470c17,Rutland 
ed0d2cbd-492e-47a1-9ed1-f81fab402bbf,RUTLAND
bc074b8a-02e2-4f9c-819f-2842c3d980f8,Nevada
d2e3bc02-8896-4b6e-bafa-824d9a4ed4d2,Vernon Hills
8d3e9b5b-b1f6-47d2-9a53-bd36f190f7d3,Verona
0ec00850-1933-47fc-8171-c4f02f19a388,Vicksburg
b61a3856-9944-4a8e-b4d3-b0ca8c3c9df0,Victoria
342831de-9bb8-41a4-8fab-6557043399b6,Cleveland 
5a557c0b-f03c-4c19-adce-d70b80deee3c,Constantine
c6e49479-bdd3-42fe-9f24-eb2bff76a046,Lemont
695d293a-1ccc-40fc-97f0-06d6cabb7598,Skokie
0fd156d9-1fa2-4c53-97d2-9a3c00889121,Vincennes
9494d890-d5ce-4d4f-a527-15b625aba886,O'Fallon
a3f06ae0-6d75-4ec8-a7e7-9e5825a48011,Voluntown
9added53-729d-4491-afae-079869c895bf,Voorheesville
e9d5ffba-b9c5-40db-8ce9-689af50759d9,Wabasha 
c187ceb7-4bda-4886-91e7-468002d668d8,Waco
a1469f04-75a5-444f-8231-e4a275c6306e,Wagoner 
b42887e1-fefe-4210-9c93-73b2658a45c7,Wahiawa
9612628a-4f0b-4fac-97f0-acaf42446e33,Wahoo
07a4f5be-b631-4a00-89e9-28114bb6660c,Pearl City
83fa57c8-6227-4cd3-84de-f289d7c2da2b,Waiapahu
4f32cc45-162e-459b-87b0-2f20f790a05a,Waimanalo
3d022e76-3adb-4e3c-9446-f31281dea3ae, Annandale 
688803f5-7805-441b-b8a6-707ea5df9de3,Walnut Creek
10328f2f-2218-43af-a694-a349364f7f8d,Ottumwa
2d5e5bf0-bb80-435e-b6ae-50353a511d1d,Gig Harbor 
4f07cc5e-4a85-45d8-bbcd-8305eb52081d,Waterloo
e8ee19e9-8845-4b82-af73-6c176586fc26,Watford City
6c38586a-9c3b-48b3-b9af-1946319d2535,Waukon
0e40e0b7-f6b4-468f-8735-b702aa164a47,Waycross
d830c897-ca43-4b77-8dad-ad5476d34065,Wayland
25d5282b-65b3-4e17-acc3-a67fafbddd6b,Torrey 
10c9b7c4-779a-4776-9c0e-78cbf5d232b6,Honesdale 
e5b18be7-32cb-4aa0-80b6-2711ee4f9268,Detroit 
70864ec1-50c0-4747-8394-be4d1b00fd3e,Waynesboro
d624eef6-beca-488f-9fc3-f40606bfbde3,Waynesburg
1a41c2d4-bd10-49db-829f-3d7a76f11804,East Providence
5291229a-49bd-4db0-a10b-7c1a2d578f73,Webb City
7dd5875b-ce08-49c2-8e6d-6181bd414594,Webster Springs
f1a6d646-cc15-4543-9eb8-9a2eb9589c23,Webster
d309dabc-3f65-44a7-9c2c-9ad1dae42d87,Weiser 
cbdf1e83-a6de-42b7-b10c-c59a79afab37,Missouri Valley
3c88f7b1-658d-450d-bbee-974768a133aa,Wellfleet
6f277998-e9e2-43a2-8606-ea6523e14565,Moreauville
54462e6a-a134-449f-8f4d-89c6981ce04b,West Haven
0933dc3e-c82f-4ce5-805b-fc8eff4aef71,West Lafayette
bb4478f6-b7a1-4e2a-9873-cad23fb16c04,West Orange
f5a3a312-7010-449e-8b73-7f50a1fc6bad,West Plains
256186b5-d15e-4f85-9d41-a31b779549d9,West Point 
918f953a-92ca-4c25-b1d7-b3229b26f637,Village of Highland Falls
5f9c0492-504e-4e29-b5e9-9a0bd8232425,West Warwick
974a73ab-1b89-4d3e-8fe4-98561cfc5cc9,Peoria 
f69d3246-1e97-47bf-8f48-2879c62551bd,Westcliffe
df084e53-163d-4a87-8a02-7d2bd6404464,Westerly
723bd204-e860-4071-9e17-e4c8293b776a,Rainelle 
469ebc45-6185-43c5-9dee-cae16449ff6e,Westfield 
f990f643-ab67-40dc-9ae2-41af7bdc6115,Westland
7696b3fa-9ab8-4157-ac86-031b564a8e60,Westminster
2b45f0cc-d5bb-40f0-af9a-e2af9c42b628,Lansing
131618e1-fa17-4c52-807a-02c60f0eac86,Weymouth
b2236fb0-0032-4eef-8ca4-afce967a5424,White House
434e0fe2-5b5f-4ab3-8b00-0f7c077c4526,Pinetop-Lakeside 
206baef3-bebb-47ad-bc85-32bf570d210c,Memphis 
6f6ab9c7-ae45-4ca7-adcd-63c64b30c068,Corbin 
f6a846e8-c06f-4d5d-a342-0ee400534011,Williamsburg 
a201d3e8-08be-4705-b2c2-2fb0736d0175,Lubbock
e5c987bd-3133-4bc5-bedd-584a79016570,North Wilkesboro
768a3351-7cbd-4b8d-86c0-ed005e032ec2,Wilkinsburg
df503fce-b3e5-4f54-8745-5fee7afa38a2,Williamsburg
103adb27-f6a9-4c2a-a3e1-09ef22b8acec,Williamson
789262a8-5ddb-476e-8a4a-bbfc0f28c854,Winchester 
f77988f8-f74b-4faa-9ccd-c1bdde651d3e,Huntsville
fb084936-2440-4b7b-8044-cb37c2ea84f1,CORNV
1528f0eb-e285-479d-9b3c-d28bc4367608,Winnsboro
209cb4de-f4f9-4a57-b4fe-2535679841ea,Oak Ridge
8e69a044-6096-4a5e-b482-10ec48c0fd65,"Green Bay, WI"
083388a4-165a-4078-9e4b-e5df52a478f8,Wisconsin Rapids
60b71977-c4c4-48ec-9dca-f2561c40dfbd,Wise 
162b55e2-21c1-4420-b4bd-5fd15e23418f,Asheville
a2284ffd-63a1-4dbe-bb71-357d1026eb5e,Campton 
656bfc46-69bc-4041-8178-518f2d792967,Wolfeboro
d5c5ce3e-69f8-4681-be05-9396b829743c,Wolfforth
5be43520-a330-4a84-b78b-321e3c8274bd,Midway 
3a009e0b-245c-45fb-b985-2f30bd3b8c77,VERSAILLES
2f138144-2ae3-4552-af83-2fa84869a9b6,Woodstock
a72ef059-1f41-4424-9d53-b2f10f5a40cc,Woodward
867cd597-0854-457a-bdcf-d55f84d78eba,Woonsocket 
646211a3-3f04-4156-9c2c-059c541c9727,Wrightstown (use Newtown for GPS)
06a28252-5b8b-4ac0-b176-2b2015a3a432,Wytheville 
0d8acdbb-5b74-4066-8d80-0dcb7ec12eef,Yardley borough
0b15a975-d95b-4af2-8da8-b1d0056d864e,Penn Yan
ec6c4077-90ca-4368-acd2-6de14baff48f,Hollywood
f4a0f97e-d03a-428b-8087-a619e4c68227,Yorktown
e18d63fe-f8d5-440e-96f4-8009450bdf95,Katy 
f479146f-1603-4d2f-98e4-1735cb7c8815,Humble 
d2dbb856-8a43-4a26-b204-604d982ec3be,Cypress
c4d24f0c-1a3e-4266-8bef-928659a55ddd,Ypsilanti
db2a7b7a-545b-4ec5-8a4c-9742c38105bd,Yreka 
f5811afd-3904-4ded-ac69-f47977b94ad6,Yucaipa
b9ef55eb-bce0-4dc9-98dd-e19ac31d2aa0,Zebulon
ca93c1ea-e39a-4369-aa00-bedc81fe4e36,Zelienople
